"","X1","X2","X3","X4","X5"
"1",0,0,0,0,0
"2",0.01,-8.72504637899813e-10,-1.78059818735307e-05,0.00256290732771804,0.0394481418058925
"3",0.02,-1.74500927579963e-09,-3.56119637470615e-05,0.00512581465543609,0.0788962836117849
"4",0.03,-2.61751391369944e-09,-5.34179456205922e-05,0.00768872198315413,0.118344425417677
"5",0.04,-3.49001855159925e-09,-7.12239274941229e-05,0.0102516293108722,0.15779256722357
"6",0.05,-4.36252318949907e-09,-8.90299093676537e-05,0.0128145366385902,0.197240709029462
"7",0.06,9.42212856888059e-10,0.000150146532427711,0.0249412265070644,0.235443373029968
"8",0.07,6.24694890327519e-09,0.000389322974223076,0.0370679163755386,0.273646037030474
"9",0.08,1.15516849496623e-08,0.00062849941601844,0.0491946062440128,0.31184870103098
"10",0.09,1.68564209960494e-08,0.000867675857813805,0.061321296112487,0.350051365031485
"11",0.1,2.21611570424366e-08,0.00110685229960917,0.0734479859809612,0.388254029031991
"12",0.11,-1.41708676113234e-08,0.0024105389536391,0.0894177662503846,0.413479594527327
"13",0.12,-5.05028922650834e-08,0.00371422560766903,0.105387546519808,0.438705160022663
"14",0.13,-8.68349169188435e-08,0.00501791226169896,0.121357326789232,0.463930725517999
"15",0.14,-1.23166941572604e-07,0.00632159891572889,0.137327107058655,0.489156291013335
"16",0.15,-1.59498966226364e-07,0.00762528556975882,0.153296887328079,0.514381856508671
"17",0.16,3.40490095309407e-07,0.010710178671175,0.17027922871679,0.530399001902957
"18",0.17,8.40479156845178e-07,0.0137950717725913,0.187261570105501,0.546416147297243
"19",0.18,1.34046821838095e-06,0.0168799648740075,0.204243911494212,0.562433292691529
"20",0.19,1.84045727991672e-06,0.0199648579754237,0.221226252882923,0.578450438085816
"21",0.2,2.34044634145249e-06,0.0230497510768399,0.238208594271633,0.594467583480102
"22",0.21,1.05370469126926e-05,0.0283034752357866,0.254373234273523,0.603920740817523
"23",0.22,1.87336474839326e-05,0.0335571993947333,0.270537874275412,0.613373898154944
"24",0.23,2.69302480551727e-05,0.03881092355368,0.286702514277301,0.622827055492365
"25",0.24,3.51268486264127e-05,0.0440646477126267,0.302867154279191,0.632280212829786
"26",0.25,4.33234491976528e-05,0.0493183718715733,0.31903179428108,0.641733370167207
"27",0.26,8.96819088518909e-05,0.0567675116048187,0.333418135459027,0.64654689305072
"28",0.27,0.000136040368506129,0.0642166513380642,0.347804476636974,0.651360415934233
"29",0.28,0.000182398828160367,0.0716657910713096,0.362190817814921,0.656173938817747
"30",0.29,0.000228757287814605,0.079114930804555,0.376577158992869,0.660987461701261
"31",0.3,0.000275115747468844,0.0865640705378005,0.390963500170816,0.665800984584774
"32",0.31,0.000440928734192875,0.0959459585328716,0.403144839545262,0.667349591938559
"33",0.32,0.000606741720916907,0.105327846527943,0.415326178919708,0.668898199292344
"34",0.33,0.000772554707640939,0.114709734523014,0.427507518294154,0.670446806646128
"35",0.34,0.000938367694364971,0.124091622518085,0.4396888576686,0.671995413999913
"36",0.35,0.001104180681089,0.133473510513156,0.451870197043045,0.673544021353697
"37",0.36,0.00155211783862944,0.144337113818323,0.461740360185051,0.672807491437614
"38",0.37,0.00200005499616987,0.155200717123491,0.471610523327056,0.672070961521531
"39",0.38,0.00244799215371031,0.166064320428658,0.481480686469061,0.671334431605448
"40",0.39,0.00289592931125074,0.176927923733826,0.491350849611066,0.670597901689365
"41",0.4,0.00334386646879118,0.187791527038993,0.501221012753072,0.669861371773282
"42",0.41,0.00433889169060901,0.199593190128075,0.508858696828768,0.667541218415562
"43",0.42,0.00533391691242684,0.211394853217158,0.516496380904465,0.665221065057841
"44",0.43,0.00632894213424467,0.22319651630624,0.524134064980161,0.662900911700121
"45",0.44,0.0073239673560625,0.234998179395322,0.531771749055858,0.660580758342401
"46",0.45,0.00831899257788033,0.246799842484404,0.539409433131554,0.65826060498468
"47",0.46,0.0102275913720978,0.258979997955375,0.544993135778663,0.654862005820355
"48",0.47,0.0121361901663152,0.271160153426346,0.550576838425772,0.651463406656029
"49",0.48,0.0140447889605327,0.283340308897316,0.556160541072881,0.648064807491703
"50",0.49,0.0159533877547501,0.295520464368287,0.56174424371999,0.644666208327378
"51",0.5,0.0178619865489675,0.307700619839258,0.567327946367099,0.641267609163052
"52",0.51,0.0211231919925411,0.319738263564903,0.571083245205447,0.637156120849857
"53",0.52,0.0243843974361147,0.331775907290549,0.574838544043796,0.633044632536662
"54",0.53,0.0276456028796882,0.343813551016195,0.578593842882145,0.628933144223468
"55",0.54,0.0309068083232618,0.355851194741841,0.582349141720494,0.624821655910273
"56",0.55,0.0341680137668354,0.367888838467488,0.586104440558843,0.620710167597079
"57",0.56,0.0392377584449935,0.379335571767852,0.588271870499973,0.616151130366299
"58",0.57,0.0443075031231516,0.390782305068217,0.590439300441103,0.611592093135519
"59",0.58,0.0493772478013097,0.402229038368581,0.592606730382233,0.607033055904739
"60",0.59,0.0544469924794678,0.413675771668946,0.594774160323363,0.602474018673959
"61",0.6,0.059516737157626,0.425122504969311,0.596941590264494,0.59791498144318
"62",0.61,0.0667946985423397,0.435619908159446,0.597757625319613,0.593101155482923
"63",0.62,0.0740726599270533,0.446117311349581,0.598573660374731,0.588287329522664
"64",0.63,0.081350621311767,0.456614714539716,0.599389695429849,0.583473503562406
"65",0.64,0.0886285826964806,0.46711211772985,0.600205730484967,0.578659677602147
"66",0.65,0.0959065440811941,0.477609520919985,0.601021765540084,0.573845851641888
"67",0.66,0.105659636976187,0.486894025566773,0.600708121155865,0.568917012959722
"68",0.67,0.115412729871179,0.496178530213562,0.600394476771648,0.563988174277557
"69",0.68,0.125165822766172,0.505463034860351,0.60008083238743,0.559059335595391
"70",0.69,0.134918915661164,0.51474753950714,0.599767188003212,0.554130496913226
"71",0.7,0.144672008556157,0.524032044153929,0.599453543618995,0.549201658231061
"72",0.71,0.156969907104569,0.531931135103014,0.598211730676742,0.544258644498141
"73",0.72,0.169267805652982,0.539830226052099,0.596969917734488,0.539315630765221
"74",0.73,0.181565704201394,0.547729317001183,0.595728104792234,0.534372617032301
"75",0.74,0.193863602749806,0.555628407950267,0.59448629184998,0.529429603299381
"76",0.75,0.206161501298218,0.563527498899351,0.593244478907725,0.52448658956646
"77",0.76,0.220837123279965,0.569950443791359,0.591253631613304,0.519601469744659
"78",0.77,0.235512745261712,0.576373388683367,0.589262784318884,0.514716349922858
"79",0.78,0.250188367243459,0.582796333575375,0.587271937024464,0.509831230101056
"80",0.79,0.264863989225206,0.589219278467384,0.585281089730044,0.504946110279255
"81",0.8,0.279539611206953,0.595642223359392,0.583290242435624,0.500060990457454
"82",0.81,0.296182345070397,0.600567827375441,0.580706941963131,0.495284495099017
"83",0.82,0.31282507893384,0.60549343139149,0.578123641490639,0.490507999740579
"84",0.83,0.329467812797284,0.61041903540754,0.575540341018147,0.485731504382142
"85",0.84,0.346110546660727,0.615344639423589,0.572957040545654,0.480955009023705
"86",0.85,0.362753280524171,0.620270243439638,0.570373740073162,0.476178513665268
"87",0.86,0.380736329862659,0.623733473007477,0.567333008114245,0.471545507503046
"88",0.87,0.398719379201146,0.627196702575314,0.564292276155327,0.466912501340823
"89",0.88,0.416702428539633,0.630659932143152,0.561251544196408,0.4622794951786
"90",0.89,0.43468547787812,0.63412316171099,0.55821081223749,0.457646489016377
"91",0.9,0.452668527216607,0.637586391278826,0.555170080278571,0.453013482854154
"92",0.91,0.471205585682307,0.639665150386259,0.551787011112803,0.448547023688719
"93",0.92,0.489742644148007,0.641743909493692,0.548403941947035,0.444080564523285
"94",0.93,0.508279702613708,0.643822668601124,0.545020872781267,0.439614105357852
"95",0.94,0.526816761079408,0.645901427708557,0.541637803615499,0.435147646192418
"96",0.95,0.545353819545109,0.647980186815991,0.538254734449731,0.430681187026984
"97",0.96,0.563575583841624,0.648783076815662,0.53462642688387,0.426395554046016
"98",0.97,0.581797348138139,0.649585966815332,0.530998119318008,0.422109921065047
"99",0.98,0.600019112434653,0.650388856815002,0.527369811752146,0.417824288084078
"100",0.99,0.618240876731168,0.651191746814672,0.523741504186284,0.413538655103109
"101",1,0.636462641027681,0.651994636814341,0.520113196620421,0.409253022122139
"102",1.01,0.653501149098689,0.651650181003678,0.516320773680349,0.405155986506513
"103",1.02,0.670539657169698,0.651305725193014,0.512528350740278,0.401058950890887
"104",1.03,0.687578165240706,0.650961269382351,0.508735927800207,0.39696191527526
"105",1.04,0.704616673311714,0.650616813571688,0.504943504860136,0.392864879659634
"106",1.05,0.721655181382723,0.650272357761025,0.501151081920065,0.388767844044008
"107",1.06,0.736723813066758,0.648919913381042,0.497261669284415,0.384862378191864
"108",1.07,0.751792444750794,0.64756746900106,0.493372256648766,0.380956912339721
"109",1.08,0.76686107643483,0.646215024621077,0.489482844013117,0.377051446487578
"110",1.09,0.781929708118865,0.644862580241095,0.485593431377468,0.373145980635435
"111",1.1,0.796998339802901,0.643510135861113,0.48170401874182,0.369240514783292
"112",1.11,0.809457240992139,0.641292533458871,0.477772607324425,0.365526082768235
"113",1.12,0.821916142181378,0.63907493105663,0.473841195907031,0.361811650753179
"114",1.13,0.834375043370616,0.636857328654389,0.469909784489637,0.358097218738122
"115",1.14,0.846833944559855,0.634639726252147,0.465978373072243,0.354382786723066
"116",1.15,0.859292845749094,0.632422123849907,0.462046961654849,0.35066835470801
"117",1.16,0.868692895457193,0.629479952123341,0.458118115118239,0.347141888472323
"118",1.17,0.878092945165293,0.626537780396776,0.454189268581629,0.343615422236638
"119",1.18,0.887492994873392,0.623595608670211,0.450260422045019,0.340088956000952
"120",1.19,0.896893044581492,0.620653436943646,0.446331575508409,0.336562489765266
"121",1.2,0.906293094289592,0.617711265217081,0.442402728971799,0.33303602352958
"122",1.21,0.912395525595247,0.614178644751017,0.438512119649413,0.3296926619934
"123",1.22,0.918497956900898,0.61064602428495,0.434621510327025,0.326349300457218
"124",1.23,0.924600388206549,0.607113403818883,0.430730901004637,0.323005938921037
"125",1.24,0.9307028195122,0.603580783352817,0.426840291682249,0.319662577384855
"126",1.25,0.936805250817847,0.600048162886748,0.422949682359859,0.316319215848673
"127",1.26,0.93957787555099,0.596049812721489,0.419125453311302,0.313152864350127
"128",1.27,0.942350500284133,0.59205146255623,0.415301224262745,0.309986512851581
"129",1.28,0.945123125017277,0.588053112390971,0.411476995214188,0.306820161353035
"130",1.29,0.94789574975042,0.584054762225713,0.407652766165631,0.303653809854489
"131",1.3,0.950668374483564,0.580056412060455,0.403828537117074,0.300487458355944
"132",1.31,0.950262421597111,0.575705798954328,0.400092496668628,0.297491211412692
"133",1.32,0.94985646871066,0.571355185848202,0.396356456220182,0.29449496446944
"134",1.33,0.949450515824208,0.567004572742076,0.392620415771736,0.291498717526188
"135",1.34,0.949044562937756,0.56265395963595,0.38888437532329,0.288502470582936
"136",1.35,0.948638610051305,0.558303346529825,0.385148334874845,0.285506223639684
"137",1.36,0.945352092040877,0.553701710155554,0.381516994908328,0.282672683411404
"138",1.37,0.942065574030449,0.549100073781284,0.377885654941812,0.279839143183125
"139",1.38,0.938779056020022,0.544498437407014,0.374254314975296,0.277005602954845
"140",1.39,0.935492538009595,0.539896801032745,0.37062297500878,0.274172062726565
"141",1.4,0.932206019999169,0.535295164658475,0.366991635042265,0.271338522498286
"142",1.41,0.92644019021281,0.530531226607984,0.363477106771359,0.268660037466873
"143",1.42,0.920674360426452,0.525767288557494,0.359962578500453,0.26598155243546
"144",1.43,0.914908530640094,0.521003350507004,0.356448050229547,0.263303067404047
"145",1.44,0.909142700853736,0.516239412456514,0.352933521958641,0.260624582372634
"146",1.45,0.903376871067379,0.511475474406024,0.349418993687735,0.257946097341221
"147",1.46,0.89559187271843,0.506625660050801,0.346029755566938,0.255414939859507
"148",1.47,0.887806874369477,0.501775845695576,0.342640517446139,0.252883782377792
"149",1.48,0.880021876020524,0.496926031340352,0.33925127932534,0.250352624896077
"150",1.49,0.872236877671571,0.492076216985127,0.335862041204541,0.247821467414362
"151",1.5,0.864451879322615,0.4872264026299,0.332472803083741,0.245290309932646
"152",1.51,0.855126431355797,0.482355429115948,0.329214355414541,0.242898806889122
"153",1.52,0.84580098338898,0.477484455601996,0.325955907745341,0.240507303845599
"154",1.53,0.836475535422162,0.472613482088045,0.322697460076141,0.238115800802075
"155",1.54,0.827150087455345,0.467742508574093,0.319439012406941,0.235724297758551
"156",1.55,0.817824639488528,0.462871535060142,0.316180564737741,0.233332794715028
"157",1.56,0.807422947203129,0.458033243538681,0.313055984861125,0.231073422237882
"158",1.57,0.79702125491773,0.453194952017221,0.309931404984509,0.228814049760736
"159",1.58,0.786619562632332,0.448356660495761,0.306806825107893,0.22655467728359
"160",1.59,0.776217870346934,0.4435183689743,0.303682245231277,0.224295304806444
"161",1.6,0.765816178061536,0.43868007745284,0.300557665354662,0.222035932329299
"162",1.61,0.754763570402609,0.433918411395253,0.297568076309937,0.219901382930486
"163",1.62,0.743710962743682,0.429156745337667,0.294578487265212,0.217766833531673
"164",1.63,0.732658355084755,0.42439507928008,0.291588898220487,0.215632284132861
"165",1.64,0.721605747425828,0.419633413222494,0.288599309175761,0.213497734734048
"166",1.65,0.710553139766902,0.414871747164908,0.285609720131037,0.211363185335236
"167",1.66,0.699220502692422,0.410221800244258,0.282754684490646,0.209346413972085
"168",1.67,0.687887865617943,0.405571853323609,0.279899648850256,0.207329642608934
"169",1.68,0.676555228543463,0.40092190640296,0.277044613209867,0.205312871245783
"170",1.69,0.665222591468984,0.396271959482311,0.274189577569477,0.203296099882632
"171",1.7,0.653889954394504,0.391622012561662,0.271334541929087,0.201279328519481
"172",1.71,0.642586007238131,0.387111088538986,0.268612391299082,0.199373582578686
"173",1.72,0.631282060081754,0.382600164516308,0.265890240669076,0.19746783663789
"174",1.73,0.619978112925378,0.378089240493631,0.26316809003907,0.195562090697095
"175",1.74,0.608674165769001,0.373578316470953,0.260445939409064,0.193656344756299
"176",1.75,0.597370218612623,0.369067392448274,0.257723788779057,0.191750598815502
"177",1.76,0.586340101658511,0.364716035564485,0.255131898255479,0.189949435892445
"178",1.77,0.5753099847044,0.360364678680697,0.252540007731902,0.188148272969388
"179",1.78,0.564279867750289,0.356013321796909,0.249948117208325,0.186347110046331
"180",1.79,0.553249750796177,0.351661964913121,0.247356226684747,0.184545947123274
"181",1.8,0.542219633842067,0.347310608029333,0.24476433616117,0.182744784200217
"182",1.81,0.531648082749218,0.343133575602748,0.242299351896154,0.18104208067356
"183",1.82,0.521076531656371,0.338956543176164,0.239834367631138,0.179339377146902
"184",1.83,0.510504980563523,0.33477951074958,0.237369383366122,0.177636673620244
"185",1.84,0.499933429470676,0.330602478322995,0.234904399101106,0.175933970093587
"186",1.85,0.489361878377828,0.326425445896411,0.23243941483609,0.17423126656693
"187",1.86,0.479379348759203,0.322432605353133,0.230097441817246,0.172621219292998
"188",1.87,0.469396819140577,0.318439764809855,0.227755468798402,0.171011172019066
"189",1.88,0.459414289521952,0.314446924266577,0.225413495779558,0.169401124745134
"190",1.89,0.449431759903327,0.310454083723299,0.223071522760714,0.167791077471202
"191",1.9,0.439449230284702,0.306461243180022,0.22072954974187,0.16618103019727
"192",1.91,0.430139588869359,0.302658383887621,0.218506305935634,0.164658153124919
"193",1.92,0.420829947454017,0.298855524595221,0.216283062129398,0.163135276052569
"194",1.93,0.411520306038675,0.295052665302821,0.214059818323163,0.161612398980218
"195",1.94,0.402210664623333,0.291249806010421,0.211836574516927,0.160089521907867
"196",1.95,0.392901023207991,0.287446946718021,0.209613330710691,0.158566644835516
"197",1.96,0.384309742996052,0.283836503085502,0.207504272867402,0.157125761934891
"198",1.97,0.375718462784111,0.280226059452981,0.205395215024111,0.155684879034266
"199",1.98,0.36712718257217,0.276615615820461,0.203286157180821,0.15424399613364
"200",1.99,0.358535902360229,0.27300517218794,0.201177099337531,0.152803113233015
"201",2,0.349944622148287,0.269394728555418,0.19906804149424,0.151362230332389
"202",2.01,0.342086738789241,0.265976415247262,0.197068467157498,0.149998465913823
"203",2.02,0.334228855430198,0.262558101939106,0.195068892820757,0.148634701495258
"204",2.03,0.326370972071154,0.259139788630951,0.193069318484017,0.147270937076694
"205",2.04,0.31851308871211,0.255721475322795,0.191069744147276,0.145907172658129
"206",2.05,0.310655205353067,0.25230316201464,0.189070169810535,0.144543408239565
"207",2.06,0.303522570435573,0.249074525131006,0.187175299410445,0.143252175491503
"208",2.07,0.296389935518077,0.245845888247369,0.185280429010352,0.14196094274344
"209",2.08,0.28925730060058,0.242617251363733,0.18338555861026,0.140669709995377
"210",2.09,0.282124665683084,0.239388614480096,0.181490688210168,0.139378477247314
"211",2.1,0.274992030765587,0.236159977596459,0.179595817810075,0.138087244499251
"212",2.11,0.268559617636638,0.233116867591157,0.177800860141964,0.136864232880908
"213",2.12,0.262127204507689,0.230073757585854,0.176005902473852,0.135641221262566
"214",2.13,0.255694791378739,0.227030647580552,0.174210944805741,0.134418209644223
"215",2.14,0.24926237824979,0.223987537575249,0.172415987137629,0.13319519802588
"216",2.15,0.242829965120839,0.220944427569946,0.170621029469517,0.131972186407537
"217",2.16,0.237061142569476,0.218081400770026,0.168921233359024,0.13081334838123
"218",2.17,0.231292320018115,0.215218373970107,0.167221437248533,0.129654510354924
"219",2.18,0.225523497466753,0.212355347170188,0.165521641138042,0.128495672328617
"220",2.19,0.219754674915391,0.209492320370269,0.16382184502755,0.127336834302311
"221",2.2,0.213985852364031,0.206629293570352,0.16212204891706,0.126177996276005
"222",2.21,0.20883664799483,0.203939949641137,0.160512743440532,0.125079533746168
"223",2.22,0.203687443625629,0.201250605711921,0.158903437964004,0.123981071216331
"224",2.23,0.198538239256429,0.198561261782705,0.157294132487476,0.122882608686493
"225",2.24,0.193389034887228,0.19587191785349,0.155684827010948,0.121784146156656
"226",2.25,0.188239830518026,0.193182573924273,0.154075521534419,0.120685683626818
"227",2.26,0.183662269525281,0.190659836667292,0.152552146792854,0.119644034360761
"228",2.27,0.179084708532537,0.188137099410312,0.151028772051289,0.118602385094705
"229",2.28,0.174507147539792,0.185614362153332,0.149505397309724,0.11756073582865
"230",2.29,0.169929586547048,0.183091624896352,0.14798202256816,0.116519086562594
"231",2.3,0.165352025554305,0.180568887639373,0.146458647826596,0.115477437296539
"232",2.31,0.161296662961979,0.178205236256577,0.145016777954278,0.114489261530261
"233",2.32,0.157241300369653,0.17584158487378,0.14357490808196,0.113501085763982
"234",2.33,0.153185937777326,0.173477933490983,0.142133038209642,0.112512909997704
"235",2.34,0.149130575185,0.171114282108186,0.140691168337324,0.111524734231425
"236",2.35,0.145075212592672,0.168750630725389,0.139249298465005,0.110536558465146
"237",2.36,0.141492987673166,0.166538288238215,0.137884658283567,0.109598725841599
"238",2.37,0.137910762753659,0.164325945751042,0.13652001810213,0.108660893218052
"239",2.38,0.134328537834153,0.16211360326387,0.135155377920692,0.107723060594505
"240",2.39,0.130746312914647,0.159901260776697,0.133790737739255,0.106785227970958
"241",2.4,0.127164087995141,0.157688918289524,0.132426097557818,0.105847395347411
"242",2.41,0.124007626418946,0.155620003246428,0.131134574056727,0.104956972291324
"243",2.42,0.120851164842749,0.15355108820333,0.129843050555636,0.104066549235237
"244",2.43,0.117694703266553,0.151482173160231,0.128551527054545,0.10317612617915
"245",2.44,0.114538241690356,0.149413258117133,0.127260003553453,0.102285703123062
"246",2.45,0.111381780114159,0.147344343074035,0.125968480052361,0.101395280066974
"247",2.46,0.108606258307935,0.145410990073146,0.124746129681965,0.100549517666721
"248",2.47,0.10583073650171,0.143477637072257,0.123523779311569,0.0997037552664678
"249",2.48,0.103055214695485,0.141544284071367,0.122301428941173,0.0988579928662143
"250",2.49,0.10027969288926,0.139610931070478,0.121079078570777,0.0980122304659608
"251",2.5,0.0975041710830349,0.137677578069588,0.11985672820038,0.097166468065707
"252",2.51,0.0950678424143578,0.135872032005872,0.118699780798945,0.0963627905069224
"253",2.52,0.0926315137456812,0.134066485942157,0.117542833397512,0.0955591129481383
"254",2.53,0.0901951850770046,0.132260939878442,0.116385885996078,0.0947554353893542
"255",2.54,0.0877588564083281,0.130455393814727,0.115228938594644,0.0939517578305701
"256",2.55,0.085322527739652,0.128649847751012,0.114071991193211,0.0931480802717864
"257",2.56,0.0831869942132426,0.126964536097136,0.112976851230328,0.0923840738476571
"258",2.57,0.0810514606868329,0.125279224443259,0.111881711267444,0.0916200674235274
"259",2.58,0.0789159271604231,0.123593912789382,0.11078657130456,0.0908560609993977
"260",2.59,0.0767803936340134,0.121908601135505,0.109691431341676,0.090092054575268
"261",2.6,0.0746448601076033,0.120223289481627,0.108596291378791,0.0893280481511379
"262",2.61,0.0727751579000855,0.118650876346785,0.107559537080457,0.0886014508593019
"263",2.62,0.070905455692568,0.117078463211943,0.106522782782123,0.0878748535674664
"264",2.63,0.0690357534850505,0.115506050077101,0.10548602848379,0.0871482562756309
"265",2.64,0.067166051277533,0.113933636942259,0.104449274185456,0.0864216589837954
"266",2.65,0.0652963490700156,0.112361223807417,0.103412519887122,0.0856950616919599
"267",2.66,0.0636609023477889,0.110894648998763,0.102430900709484,0.0850037534167367
"268",2.67,0.0620254556255617,0.109428074190108,0.101449281531844,0.0843124451415128
"269",2.68,0.0603900089033344,0.107961499381453,0.100467662354204,0.0836211368662889
"270",2.69,0.0587545621811071,0.106494924572799,0.0994860431765647,0.082929828591065
"271",2.7,0.0571191154588796,0.105028349764144,0.0985044239989247,0.0822385203158407
"272",2.71,0.0556896009144458,0.103660855606116,0.0975748568350617,0.0815805135861601
"273",2.72,0.0542600863700117,0.102293361448089,0.0966452896711984,0.0809225068564791
"274",2.73,0.0528305718255777,0.100925867290061,0.0957157225073351,0.0802645001267981
"275",2.74,0.0514010572811436,0.0995583731320331,0.0947861553434718,0.0796064933971171
"276",2.75,0.0499715427367094,0.098190878974005,0.0938565881796082,0.0789484866674358
"277",2.76,0.048722697224976,0.0969160272231098,0.092976152614746,0.0783219179748728
"278",2.77,0.0474738517132429,0.0956411754722151,0.0920957170498842,0.0776953492823102
"279",2.78,0.0462250062015098,0.0943663237213204,0.0912152814850224,0.0770687805897475
"280",2.79,0.0449761606897768,0.0930914719704257,0.0903348459201607,0.0764422118971849
"281",2.8,0.0437273151780439,0.0918166202195315,0.0894544103552994,0.0758156432046226
"282",2.81,0.042636710633429,0.0906283010445847,0.0886203432280375,0.0752187648616784
"283",2.82,0.0415461060888141,0.0894399818696376,0.0877862761007752,0.0746218865187339
"284",2.83,0.040455501544199,0.0882516626946905,0.0869522089735129,0.0740250081757893
"285",2.84,0.0393648969995841,0.0870633435197433,0.0861181418462506,0.0734281298328448
"286",2.85,0.0382742924549689,0.0858750243447959,0.085284074718988,0.0728312514899
"287",2.86,0.0373220957255892,0.0847674590225103,0.0844937641980192,0.0722624240058443
"288",2.87,0.0363698989962097,0.0836598937002251,0.0837034536770508,0.071693596521789
"289",2.88,0.0354177022668302,0.0825523283779399,0.0829131431560824,0.0711247690377338
"290",2.89,0.0344655055374506,0.0814447630556547,0.082122832635114,0.0705559415536785
"291",2.9,0.0335133088080711,0.0803371977333696,0.0813325221141457,0.0699871140696232
"292",2.91,0.032682038920173,0.0793049364327028,0.0805835014598707,0.069444799019463
"293",2.92,0.0318507690322745,0.0782726751320353,0.079834480805595,0.0689024839693022
"294",2.93,0.0310194991443761,0.0772404138313678,0.0790854601513192,0.0683601689191413
"295",2.94,0.0301882292564776,0.0762081525307004,0.0783364394970435,0.0678178538689805
"296",2.95,0.0293569593685791,0.0751758912300326,0.0775874188427675,0.0672755388188194
"297",2.96,0.0286312507951968,0.0742138070216327,0.0768773599898806,0.0667582921799708
"298",2.97,0.0279055422218144,0.0732517228132325,0.0761673011369934,0.0662410455411219
"299",2.98,0.027179833648432,0.0722896386048324,0.0754572422841063,0.0657237989022731
"300",2.99,0.0264541250750496,0.0713275543964322,0.0747471834312191,0.0652065522634243
"301",3,0.0257284165016672,0.0703654701880317,0.0740371245783316,0.0646893056245752
"302",3.01,0.0250947940335015,0.0694687502132709,0.0733638316479099,0.0641957715555367
"303",3.02,0.024461171565336,0.0685720302385105,0.0726905387174885,0.0637022374864985
"304",3.03,0.0238275490971705,0.0676753102637501,0.0720172457870672,0.0632087034174604
"305",3.04,0.023193926629005,0.0667785902889897,0.0713439528566458,0.0627151693484222
"306",3.05,0.0225603041608396,0.0658818703142296,0.0706706599262248,0.0622216352793844
"307",3.06,0.0220069727696003,0.0650460048773238,0.0700320627529982,0.0617505403148119
"308",3.07,0.0214536413783609,0.0642101394404177,0.0693934655797713,0.0612794453502391
"309",3.08,0.0209003099871215,0.0633742740035117,0.0687548684065444,0.0608083503856664
"310",3.09,0.0203469785958822,0.0625384085666057,0.0681162712333176,0.0603372554210937
"311",3.1,0.0197936472046427,0.0617025431296994,0.0674776740600904,0.0598661604565207
"312",3.11,0.0193102986838608,0.0609233133324648,0.066871821801775,0.0594163080936076
"313",3.12,0.018826950163079,0.0601440835352306,0.0662659695434598,0.0589664557306948
"314",3.13,0.0183436016422972,0.0593648537379964,0.0656601172851447,0.058516603367782
"315",3.14,0.0178602531215153,0.0585856239407621,0.0650542650268296,0.0580667510048692
"316",3.15,0.0173769046007335,0.0578063941435279,0.0644484127685145,0.0576168986419564
"317",3.16,0.0169545416289988,0.0570798585617143,0.0638734676486355,0.0571871642937677
"318",3.17,0.0165321786572639,0.0563533229799002,0.0632985225287558,0.0567574299455784
"319",3.18,0.016109815685529,0.055626787398086,0.0627235774088762,0.0563276955973892
"320",3.19,0.0156874527137942,0.0549002518162719,0.0621486322889966,0.0558979612492
"321",3.2,0.0152650897420592,0.0541737162344576,0.0615736871691167,0.0554682269010106
"322",3.21,0.0148958672274836,0.0534961970339901,0.0610279183920411,0.055057553193299
"323",3.22,0.0145266447129079,0.0528186778335223,0.0604821496149652,0.0546468794855873
"324",3.23,0.0141574221983322,0.0521411586330547,0.0599363808378893,0.0542362057778756
"325",3.24,0.0137881996837565,0.051463639432587,0.0593906120608134,0.0538255320701639
"326",3.25,0.0134189771691807,0.0507861202321191,0.0588448432837374,0.053414858362452
"327",3.26,0.013096060213034,0.0501541890401597,0.0583266211503303,0.0530222507515452
"328",3.27,0.0127731432568873,0.0495222578482005,0.0578083990169236,0.0526296431406387
"329",3.28,0.0124502263007406,0.0488903266562414,0.0572901768835169,0.0522370355297322
"330",3.29,0.012127309344594,0.0482583954642822,0.0567719547501102,0.0518444279188257
"331",3.3,0.0118043923884474,0.0476264642723233,0.0562537326167038,0.0514518203079195
"332",3.31,0.0115218298807925,0.0470369280491023,0.0557615228605823,0.0510763429983313
"333",3.32,0.0112392673731376,0.0464473918258811,0.0552693131044607,0.0507008656887429
"334",3.33,0.0109567048654826,0.04585785560266,0.0547771033483391,0.0503253883791546
"335",3.34,0.0106741423578277,0.0452683193794388,0.0542848935922175,0.0499499110695662
"336",3.35,0.0103915798501728,0.0446787831562175,0.0537926838360956,0.0495744337599777
"337",3.36,0.0101441925271785,0.0441286702569498,0.053325042193669,0.0492152059015419
"338",3.37,0.0098968052041842,0.0435785573576823,0.0528574005512427,0.0488559780431063
"339",3.38,0.00964941788118995,0.0430284444584149,0.0523897589088164,0.0484967501846707
"340",3.39,0.00940203055819569,0.0424783315591474,0.0519221172663901,0.0481375223262352
"341",3.4,0.00915464323520145,0.04192821865988,0.0514544756239637,0.0477782944677996
"342",3.41,0.00893792494551075,0.0414147652297679,0.0510100426460008,0.0474344866132724
"343",3.42,0.00872120665581998,0.0409013117996555,0.0505656096680374,0.0470906787587448
"344",3.43,0.0085044883661292,0.040387858369543,0.0501211766900741,0.0467468709042172
"345",3.44,0.00828777007643844,0.0398744049394306,0.0496767437121107,0.0464030630496896
"346",3.45,0.00807105178674762,0.0393609515093179,0.0492323107341471,0.0460592551951618
"347",3.46,0.00788108270181087,0.0388815883169515,0.0488098068422283,0.0457300860003489
"348",3.47,0.00769111361687408,0.0384022251245849,0.0483873029503093,0.0454009168055359
"349",3.48,0.00750114453193729,0.0379228619322183,0.0479647990583903,0.0450717476107229
"350",3.49,0.0073111754470005,0.0374434987398518,0.0475422951664712,0.0447425784159099
"351",3.5,0.00712120636206369,0.0369641355474851,0.0471197912745521,0.0444134092210967
"352",3.51,0.00695457689961455,0.0365164753315291,0.0467180120623549,0.0440981423706951
"353",3.52,0.00678794743716544,0.0360688151155734,0.046316232850158,0.0437828755202938
"354",3.53,0.00662131797471632,0.0356211548996177,0.0459144536379611,0.0434676086698924
"355",3.54,0.00645468851226722,0.035173494683662,0.0455126744257642,0.0431523418194911
"356",3.55,0.00628805904981814,0.0347258344677065,0.0451108952135676,0.04283707496909
"357",3.56,0.00614180334367763,0.0343076598472933,0.04472870699022,0.0425350163124831
"358",3.57,0.00599554763753709,0.0338894852268799,0.0443465187668723,0.042232957655876
"359",3.58,0.00584929193139656,0.0334713106064666,0.0439643305435246,0.041930898999269
"360",3.59,0.00570303622525603,0.0330531359860532,0.0435821423201769,0.041628840342662
"361",3.6,0.00555678051911547,0.0326349613656398,0.043199954096829,0.0413267816860548
"362",3.61,0.00542831834998111,0.0322442133454159,0.042836289667505,0.0410372765683407
"363",3.62,0.00529985618084677,0.0318534653251921,0.0424726252381811,0.0407477714506269
"364",3.63,0.00517139401171243,0.0314627173049684,0.0421089608088572,0.0404582663329131
"365",3.64,0.00504293184257809,0.0310719692847446,0.0417452963795333,0.0401687612151992
"366",3.65,0.00491446967344376,0.0306812212645209,0.0413816319502095,0.0398792560974854
"367",3.66,0.00480155586551886,0.0303159883499251,0.0410354866275866,0.0396016868720087
"368",3.67,0.00468864205759392,0.029950755435329,0.0406893413049634,0.0393241176465317
"369",3.68,0.00457572824966897,0.0295855225207329,0.0403431959823401,0.0390465484210547
"370",3.69,0.00446281444174403,0.0292202896061369,0.0399970506597169,0.0387689791955777
"371",3.7,0.00434990063381907,0.0288550566915407,0.0396509053370935,0.0384914099701006
"372",3.71,0.00425058101499341,0.02851356461786,0.039321333176123,0.0382251936796721
"373",3.72,0.00415126139616773,0.0281720725441792,0.0389917610151524,0.0379589773892435
"374",3.73,0.00405194177734205,0.0278305804704985,0.0386621888541818,0.0376927610988149
"375",3.74,0.00395262215851637,0.0274890883968177,0.0383326166932112,0.0374265448083863
"376",3.75,0.00385330253969068,0.0271475963231368,0.0380030445322405,0.0371603285179575
"377",3.76,0.00376587565442075,0.0268281983926534,0.0376891547798888,0.0369049147328551
"378",3.77,0.00367844876915085,0.0265088004621702,0.0373752650275373,0.0366495009477529
"379",3.78,0.00359102188388095,0.0261894025316869,0.0370613752751858,0.0363940871626507
"380",3.79,0.00350359499861105,0.0258700046012037,0.0367474855228343,0.0361386733775484
"381",3.8,0.00341616811334116,0.0255506066707206,0.0364335957704831,0.0358832595924464
"382",3.81,0.00333915196474586,0.0252517746852364,0.0361345495215436,0.0356381283941011
"383",3.82,0.00326213581615055,0.0249529426997522,0.0358355032726041,0.0353929971957556
"384",3.83,0.00318511966755524,0.024654110714268,0.0355364570236645,0.0351478659974101
"385",3.84,0.00310810351895993,0.0243552787287837,0.0352374107747249,0.0349027347990647
"386",3.85,0.0030310873703646,0.0240564467432994,0.0349383645257852,0.0346576036007191
"387",3.86,0.00296319054976791,0.023776762514143,0.0346533715755429,0.0344222637007813
"388",3.87,0.00289529372917122,0.0234970782849868,0.0343683786253008,0.0341869238008438
"389",3.88,0.00282739690857454,0.0232173940558305,0.0340833856750586,0.0339515839009062
"390",3.89,0.00275950008797785,0.0229377098266742,0.0337983927248165,0.0337162440009686
"391",3.9,0.00269160326738117,0.022658025597518,0.0335133997745743,0.0334809041010311
"392",3.91,0.00263169990474581,0.0223961730114213,0.0332417156589616,0.0332548910862509
"393",3.92,0.00257179654211043,0.0221343204253244,0.0329700315433487,0.0330288780714704
"394",3.93,0.00251189317947505,0.0218724678392276,0.0326983474277357,0.03280286505669
"395",3.94,0.00245198981683967,0.0216106152531307,0.0324266633121227,0.0325768520419095
"396",3.95,0.00239208645420428,0.0213487626670338,0.0321549791965097,0.0323508390271289
"397",3.96,0.00233919449127753,0.0211035202837111,0.0318959024103657,0.0321337137211513
"398",3.97,0.00228630252835078,0.0208582779003884,0.0316368256242217,0.0319165884151735
"399",3.98,0.00223341056542402,0.0206130355170657,0.0313777488380776,0.0316994631091958
"400",3.99,0.00218051860249727,0.020367793133743,0.0311186720519336,0.0314823378032181
"401",4,0.0021276266395705,0.0201225507504202,0.0308595952657894,0.0312652124972402
"402",4.01,0.00208088898913206,0.0198927849060869,0.030612464649948,0.0310565594310774
"403",4.02,0.0020341513386936,0.0196630190617536,0.0303653340341065,0.0308479063649145
"404",4.03,0.00198741368825514,0.0194332532174202,0.030118203418265,0.0306392532987517
"405",4.04,0.00194067603781669,0.0192034873730869,0.0298710728024235,0.0304306002325888
"406",4.05,0.00189393838737822,0.0189737215287535,0.0296239421865819,0.0302219471664258
"407",4.06,0.00185260659698423,0.0187583799189402,0.0293881344746754,0.0300213731499445
"408",4.07,0.00181127480659026,0.0185430383091272,0.0291523267627693,0.0298207991334635
"409",4.08,0.0017699430161963,0.0183276966993142,0.0289165190508632,0.0296202251169826
"410",4.09,0.00172861122580233,0.0181123550895012,0.0286807113389571,0.0294196511005017
"411",4.1,0.00168727943540837,0.0178970134796882,0.028444903627051,0.0292190770840207
"412",4.11,0.00165069952286207,0.017695119194425,0.0282198311431743,0.0290262098713516
"413",4.12,0.00161411961031575,0.0174932249091615,0.0279947586592972,0.0288333426586819
"414",4.13,0.00157753969776942,0.017291330623898,0.02776968617542,0.0286404754460122
"415",4.14,0.0015409597852231,0.0170894363386346,0.0275446136915429,0.0284476082333425
"416",4.15,0.00150437987267677,0.016887542053371,0.0273195412076656,0.0282547410206727
"417",4.16,0.00147198004358876,0.0166981880379562,0.0271046497063136,0.028069228062948
"418",4.17,0.00143958021450074,0.0165088340225414,0.0268897582049614,0.0278837151052232
"419",4.18,0.00140718038541273,0.0163194800071265,0.0266748667036092,0.0276982021474984
"420",4.19,0.00137478055632471,0.0161301259917117,0.026459975202257,0.0275126891897736
"421",4.2,0.00134238072723669,0.0159407719762968,0.0262450837009048,0.0273271762320486
"422",4.21,0.00131366072297639,0.0157631158913736,0.0260398503409432,0.0271486835113778
"423",4.22,0.00128494071871609,0.0155854598064504,0.0258346169809816,0.0269701907907068
"424",4.23,0.00125622071445579,0.0154078037215271,0.02562938362102,0.0267916980700358
"425",4.24,0.00122750071019549,0.0152301476366039,0.0254241502610583,0.0266132053493649
"426",4.25,0.00119878070593518,0.0150524915516806,0.0252189169010966,0.0264347126286938
"427",4.26,0.00117330256352162,0.0148857510070658,0.0250228483458408,0.0262629235676995
"428",4.27,0.00114782442110805,0.0147190104624509,0.0248267797905849,0.0260911345067051
"429",4.28,0.00112234627869448,0.014552269917836,0.0246307112353291,0.0259193454457107
"430",4.29,0.00109686813628091,0.0143855293732211,0.0244346426800732,0.0257475563847163
"431",4.3,0.00107138999386734,0.0142187888286061,0.0242385741248172,0.0255757673237218
"432",4.31,0.00104877002840275,0.0140622369662531,0.0240512047606682,0.0254103817653957
"433",4.32,0.00102615006293819,0.0139056851039003,0.0238638353965196,0.0252449962070699
"434",4.33,0.00100353009747362,0.0137491332415475,0.0236764660323709,0.0250796106487442
"435",4.34,0.000980910132009051,0.0135925813791947,0.0234890966682223,0.0249142250904185
"436",4.35,0.000958290166544496,0.0134360295168421,0.0233017273040739,0.0247488395320931
"437",4.36,0.000938192012121016,0.0132889909193632,0.0231226175705196,0.0245895727851024
"438",4.37,0.000918093857697533,0.0131419523218842,0.0229435078369651,0.0244303060381116
"439",4.38,0.00089799570327405,0.0129949137244053,0.0227643981034106,0.0242710392911208
"440",4.39,0.000877897548850567,0.0128478751269263,0.0225852883698562,0.02411177254413
"441",4.4,0.000857799394427079,0.0127008365294473,0.0224061786363016,0.0239525057971391
"442",4.41,0.000839927961469687,0.0125626834317438,0.0222349134604449,0.023799087742063
"443",4.42,0.000822056528512292,0.0124245303340403,0.0220636482845882,0.0236456696869869
"444",4.43,0.000804185095554897,0.0122863772363368,0.0218923831087314,0.0234922516319108
"445",4.44,0.000786313662597501,0.0121482241386333,0.0217211179328746,0.0233388335768346
"446",4.45,0.000768442229640104,0.0120100710409297,0.0215498527570178,0.0231854155217584
"447",4.46,0.000752538455785673,0.0118802198236629,0.0213860400861706,0.0230375897740767
"448",4.47,0.000736634681931239,0.011750368606396,0.0212222274153233,0.0228897640263949
"449",4.48,0.000720730908076805,0.0116205173891291,0.0210584147444761,0.0227419382787131
"450",4.49,0.000704827134222371,0.0114906661718622,0.0208946020736288,0.0225941125310313
"451",4.5,0.000688923360367936,0.0113608149545953,0.0207307894027815,0.0224462867833495
"452",4.51,0.000674759648575511,0.0112387228994122,0.0205740588289986,0.0223038099092918
"453",4.52,0.000660595936783083,0.0111166308442291,0.0204173282552157,0.0221613330352341
"454",4.53,0.000646432224990656,0.0109945387890459,0.0202605976814327,0.0220188561611764
"455",4.54,0.000632268513198229,0.0108724467338628,0.0201038671076498,0.0218763792871187
"456",4.55,0.0006181048014058,0.0107503546786796,0.0199471365338667,0.0217339024130609
"457",4.56,0.000605481053370881,0.010635516966304,0.0197971380046487,0.0215965431947173
"458",4.57,0.000592857305335971,0.0105206792539285,0.019647139475431,0.021459183976374
"459",4.58,0.000580233557301061,0.0104058415415531,0.0194971409462133,0.0213218247580308
"460",4.59,0.000567609809266151,0.0102910038291777,0.0193471424169955,0.0211844655396875
"461",4.6,0.000554986061231248,0.0101761661168024,0.0191971438877781,0.0210471063213445
"462",4.61,0.000543726226620219,0.0100681130502684,0.0190535464975028,0.0209146450676945
"463",4.62,0.000532466392009189,0.00996005998373436,0.0189099491072275,0.0207821838140443
"464",4.63,0.000521206557398159,0.00985200691720034,0.0187663517169522,0.0206497225603941
"465",4.64,0.000509946722787128,0.00974395385066632,0.0186227543266769,0.020517261306744
"466",4.65,0.000498686888176095,0.00963590078413225,0.0184791569364015,0.0203848000530937
"467",4.66,0.000488635960958635,0.00953419522057429,0.0183416477933578,0.0202570279538461
"468",4.67,0.000478585033741173,0.00943248965701628,0.0182041386503141,0.0201292558545984
"469",4.68,0.000468534106523712,0.00933078409345828,0.0180666295072703,0.0200014837553507
"470",4.69,0.00045848317930625,0.00922907852990027,0.0179291203642266,0.019873711656103
"471",4.7,0.000448432252088786,0.00912737296634224,0.0177916112211828,0.0197459395568552
"472",4.71,0.000439453654548728,0.00903160794185956,0.0176598943853985,0.0196226580762269
"473",4.72,0.000430475057008669,0.00893584291737684,0.017528177549614,0.0194993765955985
"474",4.73,0.000421496459468609,0.00884007789289412,0.0173964607138296,0.01937609511497
"475",4.74,0.00041251786192855,0.00874431286841141,0.0172647438780452,0.0192528136343416
"476",4.75,0.000403539264388489,0.00864854784392867,0.0171330270422607,0.0191295321537131
"477",4.76,0.000395512567430422,0.00855834437708929,0.0170068225295972,0.0190105524614651
"478",4.77,0.000387485870472359,0.00846814091025002,0.016880618016934,0.0188915727692174
"479",4.78,0.000379459173514297,0.00837793744341076,0.0167544135042709,0.0187725930769697
"480",4.79,0.000371432476556235,0.0082877339765715,0.0166282089916077,0.018653613384722
"481",4.8,0.000363405779598173,0.00819753050973224,0.0165020044789445,0.0185346336924744
"482",4.81,0.000356224714909384,0.00811253557028841,0.0163810473272209,0.018419776129728
"483",4.82,0.000349043650220589,0.00802754063084444,0.0162600901754971,0.0183049185669813
"484",4.83,0.000341862585531794,0.00794254569140047,0.0161391330237733,0.0181900610042346
"485",4.84,0.000334681520842999,0.00785755075195649,0.0160181758720494,0.0180752034414879
"486",4.85,0.000327500456154203,0.00777255581251248,0.0158972187203255,0.0179603458787411
"487",4.86,0.000321071181776306,0.00769244044284596,0.0157812581134853,0.0178494394562589
"488",4.87,0.000314641907398408,0.00761232507317941,0.0156652975066449,0.0177385330337765
"489",4.88,0.000308212633020511,0.00753220970351287,0.0155493368998046,0.0176276266112942
"490",4.89,0.000301783358642613,0.00745209433384632,0.0154333762929643,0.0175167201888118
"491",4.9,0.000295354084264714,0.00737197896417973,0.0153174156861239,0.0174058137663294
"492",4.91,0.000289593670306255,0.00729643654190002,0.0152062141327271,0.0172986956931287
"493",4.92,0.000283833256347795,0.00722089411962028,0.0150950125793302,0.0171915776199279
"494",4.93,0.000278072842389335,0.00714535169734053,0.0149838110259334,0.017084459546727
"495",4.94,0.000272312428430875,0.00706980927506079,0.0148726094725365,0.0169773414735262
"496",4.95,0.000266552014472414,0.00699426685278102,0.0147614079191396,0.0168702234003254
"497",4.96,0.00026138712016328,0.00692301148373514,0.0146547404816808,0.0167667386406221
"498",4.97,0.000256222225854146,0.00685175611468924,0.014548073044222,0.0166632538809187
"499",4.98,0.000251057331545011,0.00678050074564333,0.0144414056067632,0.0165597691212154
"500",4.99,0.000245892437235876,0.00670924537659743,0.0143347381693044,0.016456284361512
"501",5,0.00024072754292674,0.0066379900075515,0.0142280707318455,0.0163527996018086
"502",5.01,0.000236093260075475,0.00657075503930288,0.0141257243036333,0.016252800458444
"503",5.02,0.000231458977224213,0.00650352007105434,0.0140233778754214,0.0161528013150796
"504",5.03,0.000226824694372951,0.0064362851028058,0.0139210314472094,0.0160528021717152
"505",5.04,0.000222190411521689,0.00636905013455726,0.0138186850189974,0.0159528030283508
"506",5.05,0.000217556128670427,0.00630181516630873,0.0137163385907855,0.0158528038849864
"507",5.06,0.000213394969919122,0.00623835181288085,0.0136181112173267,0.0157561496076143
"508",5.07,0.000209233811167813,0.00617488845945286,0.0135198838438676,0.0156594953302419
"509",5.08,0.000205072652416505,0.00611142510602488,0.0134216564704086,0.0155628410528696
"510",5.09,0.000200911493665196,0.00604796175259689,0.0133234290969495,0.0154661867754972
"511",5.1,0.000196750334913886,0.00598449839916887,0.0132252017234904,0.0153695324981247
"512",5.11,0.000193011348064989,0.00592457446853935,0.0131309019655141,0.0152760889145519
"513",5.12,0.000189272361216091,0.0058646505379098,0.0130366022075378,0.0151826453309791
"514",5.13,0.000185533374367193,0.00580472660728026,0.0129423024495614,0.0150892017474062
"515",5.14,0.000181794387518295,0.00574480267665071,0.012848002691585,0.0149957581638333
"516",5.15,0.000178055400669396,0.00568487874602114,0.0127537029336086,0.0149023145802604
"517",5.16,0.000174693392847166,0.00562827746250122,0.0126631492690639,0.0148119537494573
"518",5.17,0.000171331385024934,0.00557167617898128,0.0125725956045192,0.0147215929186541
"519",5.18,0.000167969377202703,0.00551507489546135,0.0124820419399745,0.014631232087851
"520",5.19,0.000164607369380471,0.00545847361194141,0.0123914882754297,0.0145408712570478
"521",5.2,0.000161245361558239,0.00540187232842145,0.0123009346108849,0.0144505104262446
"522",5.21,0.000158220219117872,0.00534839124264872,0.0122139548734049,0.01436311031163
"523",5.22,0.000155195076677504,0.00529491015687597,0.0121269751359247,0.0142757101970153
"524",5.23,0.000152169934237136,0.00524142907110321,0.0120399953984446,0.0141883100824005
"525",5.24,0.000149144791796768,0.00518794798533046,0.0119530156609644,0.0141009099677858
"526",5.25,0.000146119649356399,0.00513446689955769,0.0118660359234842,0.0140135098531711
"527",5.26,0.000143395741313361,0.00508391687939099,0.0117824667749829,0.0139289540148824
"528",5.27,0.000140671833270324,0.00503336685922436,0.0116988976264817,0.013844398176594
"529",5.28,0.000137947925227288,0.00498281683905774,0.0116153284779805,0.0137598423383056
"530",5.29,0.000135224017184251,0.00493226681889111,0.0115317593294794,0.0136752865000171
"531",5.3,0.000132500109141215,0.00488171679872449,0.0114481901809782,0.0135907306617287
"532",5.31,0.000130045763501385,0.00483392109484463,0.0113678766161985,0.0135089079666754
"533",5.32,0.000127591417861553,0.00478612539096469,0.0112875630514186,0.0134270852716218
"534",5.33,0.000125137072221722,0.00473832968708475,0.0112072494866386,0.0133452625765682
"535",5.34,0.00012268272658189,0.0046905339832048,0.0111269359218587,0.0132634398815146
"536",5.35,0.000120228380942058,0.00464273827932484,0.0110466223570788,0.013181617186461
"537",5.36,0.000118015424704739,0.00459753165982085,0.0109694172380458,0.0131024215350324
"538",5.37,0.00011580246846742,0.00455232504031684,0.0108922121190127,0.0130232258836037
"539",5.38,0.000113589512230102,0.00450711842081284,0.0108150069999796,0.0129440302321751
"540",5.39,0.000111376555992783,0.00446191180130883,0.0107378018809466,0.0128648345807464
"541",5.4,0.000109163599755464,0.00441670518180481,0.0106605967619135,0.0127856389293178
"542",5.41,0.000107166954565944,0.00437393313047261,0.0105863603803941,0.0127089689977101
"543",5.42,0.000105170309376424,0.00433116107914041,0.0105121239988748,0.0126322990661025
"544",5.43,0.000103173664186904,0.0042883890278082,0.0104378876173554,0.0125556291344948
"545",5.44,0.000101177018997384,0.00424561697647598,0.010363651235836,0.0124789592028872
"546",5.45,9.91803738078633e-05,0.00420284492514376,0.0102894148543166,0.0124022892712794
"547",5.46,9.73777002792582e-05,0.00416236289862781,0.0102180145204985,0.012328048268458
"548",5.47,9.55750267506527e-05,0.00412188087211185,0.0101466141866804,0.0122538072656365
"549",5.48,9.37723532220471e-05,0.00408139884559589,0.0100752138528623,0.0121795662628151
"550",5.49,9.19696796934417e-05,0.00404091681907992,0.0100038135190442,0.0121053252599936
"551",5.5,9.01670061648359e-05,0.00400043479256395,0.00993241318522612,0.0120310842571721
"552",5.51,8.85383907929373e-05,0.00396210753185464,0.00986372284095498,0.0119591796955638
"553",5.52,8.69097754210398e-05,0.00392378027114538,0.00979503249668398,0.0118872751339557
"554",5.53,8.52811600491425e-05,0.00388545301043612,0.00972634215241298,0.0118153705723476
"555",5.54,8.36525446772451e-05,0.00384712574972687,0.00965765180814199,0.0117434660107395
"556",5.55,8.20239293053478e-05,0.00380879848901761,0.00958896146387099,0.0116715614491314
"557",5.56,8.05516086837551e-05,0.00377249938116495,0.00952286131889208,0.0116019049282001
"558",5.57,7.9079288062161e-05,0.00373620027331222,0.009456761173913,0.0115322484072686
"559",5.58,7.76069674405669e-05,0.0036999011654595,0.00939066102893392,0.0114625918863371
"560",5.59,7.61346468189729e-05,0.00366360205760677,0.00932456088395484,0.0113929353654057
"561",5.6,7.46623261973784e-05,0.00362730294975403,0.00925846073897572,0.0113232788444741
"562",5.61,7.33304439198432e-05,0.00359291343597922,0.00919483692872448,0.0112557858463823
"563",5.62,7.19985616423079e-05,0.0035585239222044,0.00913121311847321,0.0111882928482904
"564",5.63,7.06666793647725e-05,0.00352413440842958,0.00906758930822194,0.0111207998501986
"565",5.64,6.93347970872372e-05,0.00348974489465476,0.00900396549797068,0.0110533068521067
"566",5.65,6.80029148097015e-05,0.00345535538087992,0.00894034168771937,0.0109858138540148
"567",5.66,6.6797307036549e-05,0.00342276440756708,0.00887908595130943,0.0109204035506394
"568",5.67,6.55916992633963e-05,0.00339017343425422,0.00881783021489947,0.0108549932472639
"569",5.68,6.43860914902436e-05,0.00335758246094137,0.0087565744784895,0.0107895829438885
"570",5.69,6.31804837170907e-05,0.00332499148762851,0.00869531874207953,0.0107241726405131
"571",5.7,6.19748759439378e-05,0.00329240051431564,0.00863406300566953,0.0106587623371376
"572",5.71,6.08828821215337e-05,0.00326150402363598,0.00857507238280523,0.0105953574077435
"573",5.72,5.97908882991293e-05,0.0032306075329563,0.0085160817599409,0.0105319524783493
"574",5.73,5.86988944767249e-05,0.00319971104227662,0.00845709113707657,0.0104685475489551
"575",5.74,5.76069006543205e-05,0.00316881455159695,0.00839810051421224,0.010405142619561
"576",5.75,5.6514906831916e-05,0.00313791806091726,0.00833910989134789,0.0103417376901668
"577",5.76,5.55252024992397e-05,0.00310861851809399,0.00828228643697969,0.0102802641490959
"578",5.77,5.45354981665641e-05,0.00307931897527075,0.0082254629826116,0.0102187906080251
"579",5.78,5.35457938338886e-05,0.00305001943244752,0.00816863952824352,0.0101573170669544
"580",5.79,5.2556089501213e-05,0.00302071988962429,0.00811181607387543,0.0100958435258836
"581",5.8,5.15663851685375e-05,0.00299142034680106,0.00805499261950735,0.0100343699848128
"582",5.81,5.06688341717728e-05,0.00296362630125509,0.0080002431351231,0.00997475701858688
"583",5.82,4.97712831750072e-05,0.00293583225570905,0.00794549365073871,0.00991514405236073
"584",5.83,4.88737321782416e-05,0.00290803821016302,0.00789074416635433,0.00985553108613458
"585",5.84,4.7976181181476e-05,0.00288024416461699,0.00783599468196994,0.00979591811990843
"586",5.85,4.70786301847101e-05,0.00285245011907095,0.00778124519758552,0.00973630515368224
"587",5.86,4.62641539572842e-05,0.00282607579690101,0.00772848097810027,0.00967848496695159
"588",5.87,4.54496777298582e-05,0.00279970147473107,0.00767571675861499,0.00962066478022091
"589",5.88,4.46352015024321e-05,0.00277332715256112,0.00762295253912971,0.00956284459349023
"590",5.89,4.38207252750061e-05,0.00274695283039118,0.00757018831964444,0.00950502440675955
"591",5.9,4.30062490475798e-05,0.00272057850822122,0.00751742410015913,0.00944720422002882
"592",5.91,4.22667109060488e-05,0.00269554343367274,0.00746656069544092,0.00939111188984675
"593",5.92,4.15271727645177e-05,0.00267050835912425,0.00741569729072268,0.00933501955966463
"594",5.93,4.07876346229866e-05,0.00264547328457576,0.00736483388600444,0.00927892722948252
"595",5.94,4.00480964814554e-05,0.00262043821002727,0.0073139704812862,0.00922283489930041
"596",5.95,3.93085583399242e-05,0.00259540313547877,0.00726310707656793,0.00916674256911826
"597",5.96,3.86366610011581e-05,0.00257163177923419,0.00721406406669109,0.0091123159070416
"598",5.97,3.79647636623918e-05,0.00254786042298961,0.00716502105681422,0.00905788924496491
"599",5.98,3.72928663236255e-05,0.00252408906674502,0.00711597804693735,0.00900346258288822
"600",5.99,3.66209689848592e-05,0.00250031771050043,0.00706693503706049,0.00894903592081153
"601",6,3.59490716460928e-05,0.00247654635425584,0.0070178920271836,0.0088946092587348
"602",6.01,3.53382663935813e-05,0.00245396780654987,0.00697059281056664,0.0088417886802931
"603",6.02,3.47274611410701e-05,0.00243138925884393,0.00692329359394978,0.00878896810185152
"604",6.03,3.4116655888559e-05,0.002408810711138,0.00687599437733292,0.00873614752340994
"605",6.04,3.35058506360479e-05,0.00238623216343206,0.00682869516071606,0.00868332694496836
"606",6.05,3.28950453835368e-05,0.00236365361572613,0.0067813959440992,0.00863050636652678
"607",6.06,3.23394515044927e-05,0.00234220128244256,0.00673576753773683,0.00857923476762777
"608",6.07,3.17838576254479e-05,0.00232074894915896,0.00669013913137435,0.00852796316872861
"609",6.08,3.12282637464032e-05,0.00229929661587535,0.00664451072501186,0.00847669156982946
"610",6.09,3.06726698673584e-05,0.00227784428259175,0.00659888231864938,0.0084254199709303
"611",6.1,3.01170759883135e-05,0.00225639194930814,0.00655325391228687,0.00837414837203111
"612",6.11,2.96114092724059e-05,0.00223600326935666,0.00650922676333446,0.00832437101189534
"613",6.12,2.91057425564983e-05,0.00221561458940517,0.00646519961438204,0.00827459365175955
"614",6.13,2.86000758405906e-05,0.00219522590945369,0.00642117246542962,0.00822481629162376
"615",6.14,2.80944091246829e-05,0.0021748372295022,0.00637714531647719,0.00817503893148796
"616",6.15,2.75887424087751e-05,0.0021544485495507,0.00633311816752475,0.00812526157135214
"617",6.16,2.71282516470577e-05,0.00213506473195507,0.00629062597554756,0.0080769259616027
"618",6.17,2.66677608853401e-05,0.00211568091435942,0.00624813378357036,0.00802859035185324
"619",6.18,2.62072701236226e-05,0.00209629709676377,0.00620564159159316,0.00798025474210378
"620",6.19,2.5746779361905e-05,0.00207691327916813,0.00616314939961595,0.00793191913235431
"621",6.2,2.52862886001874e-05,0.00205752946157247,0.00612065720763872,0.00788358352260482
"622",6.21,2.48666991517935e-05,0.0020390952408196,0.00607963675687496,0.00783663932215242
"623",6.22,2.44471097033995e-05,0.00202066102006671,0.00603861630611119,0.00778969512169999
"624",6.23,2.40275202550054e-05,0.00200222679931383,0.00599759585534741,0.00774275092124756
"625",6.24,2.36079308066114e-05,0.00198379257856094,0.00595657540458363,0.00769580672079514
"626",6.25,2.31883413582174e-05,0.00196535835780805,0.00591555495381983,0.00764886252034268
"627",6.26,2.28058049652409e-05,0.00194782176612065,0.00587594595485412,0.00760326143573586
"628",6.27,2.24232685722646e-05,0.00193028517443328,0.00583633695588849,0.00755766035112915
"629",6.28,2.20407321792884e-05,0.00191274858274591,0.00579672795692287,0.00751205926652244
"630",6.29,2.16581957863122e-05,0.00189521199105853,0.00575711895795724,0.00746645818191573
"631",6.3,2.1275659393336e-05,0.00187767539937116,0.00571750995899161,0.00742085709730901
"632",6.31,2.09267095229943e-05,0.00186098755466817,0.00567925489927205,0.00737655278823751
"633",6.32,2.05777596526522e-05,0.00184429970996515,0.00564099983955238,0.00733224847916588
"634",6.33,2.02288097823101e-05,0.00182761186526212,0.00560274477983272,0.00728794417009424
"635",6.34,1.9879859911968e-05,0.0018109240205591,0.00556448972011305,0.00724363986102261
"636",6.35,1.95309100416258e-05,0.00179423617585606,0.00552623466039336,0.00719933555195094
"637",6.36,1.92124221211879e-05,0.00177835108425876,0.00548927866305959,0.0071562835416069
"638",6.37,1.88939342007499e-05,0.00176246599266145,0.00545232266572581,0.00711323153126282
"639",6.38,1.85754462803119e-05,0.00174658090106414,0.00541536666839202,0.00707017952091875
"640",6.39,1.82569583598739e-05,0.00173069580946683,0.00537841067105823,0.00702712751057467
"641",6.4,1.79384704394359e-05,0.00171481071786951,0.00534145467372442,0.00698407550023058
"642",6.41,1.7647626425089e-05,0.00169968508969985,0.00530574536425322,0.00694223309025723
"643",6.42,1.7356782410742e-05,0.00168455946153018,0.005270036054782,0.00690039068028386
"644",6.43,1.7065938396395e-05,0.00166943383336052,0.00523432674531078,0.00685854827031049
"645",6.44,1.6775094382048e-05,0.00165430820519085,0.00519861743583955,0.00681670586033711
"646",6.45,1.64842503677009e-05,0.00163918257702118,0.00516290812636831,0.00677486345036372
"647",6.46,1.62185071548304e-05,0.00162477565531672,0.00512839550656808,0.00673418964012968
"648",6.47,1.59527639419599e-05,0.00161036873361225,0.00509388288676783,0.00669351582989562
"649",6.48,1.56870207290894e-05,0.00159596181190778,0.00505937026696758,0.00665284201966155
"650",6.49,1.54212775162188e-05,0.00158155489020332,0.00502485764716733,0.00661216820942749
"651",6.5,1.51555343033483e-05,0.00156714796849885,0.00499034502736707,0.0065714943991934
"652",6.51,1.49125955438972e-05,0.00155342136914398,0.00495698135628719,0.00653194980915269
"653",6.52,1.46696567844463e-05,0.00153969476978912,0.00492361768520737,0.00649240521911206
"654",6.53,1.44267180249955e-05,0.00152596817043427,0.00489025401412756,0.00645286062907143
"655",6.54,1.41837792655446e-05,0.00151224157107942,0.00485689034304775,0.0064133160390308
"656",6.55,1.39408405060938e-05,0.00149851497172457,0.00482352667196793,0.00637377144899017
"657",6.56,1.37186314497107e-05,0.00148543253436519,0.00479126635331446,0.00633531824790068
"658",6.57,1.34964223933273e-05,0.00147235009700577,0.00475900603466091,0.00629686504681108
"659",6.58,1.32742133369439e-05,0.00145926765964636,0.00472674571600735,0.00625841184572147
"660",6.59,1.30520042805605e-05,0.00144618522228695,0.00469448539735379,0.00621995864463187
"661",6.6,1.2829795224177e-05,0.00143310278492753,0.00466222507870022,0.00618150544354224
"662",6.61,1.26264402446924e-05,0.00142063043389838,0.00463102455437361,0.00614410727932702
"663",6.62,1.24230852652078e-05,0.00140815808286922,0.00459982403004699,0.00610670911511178
"664",6.63,1.22197302857232e-05,0.00139568573184007,0.00456862350572037,0.00606931095089654
"665",6.64,1.20163753062385e-05,0.00138321338081092,0.00453742298139375,0.0060319127866813
"666",6.65,1.18130203267538e-05,0.00137074102978176,0.00450622245706711,0.00599451462246603
"667",6.66,1.16268228349347e-05,0.00135884664433485,0.00447604010646586,0.00595813655652013
"668",6.67,1.14406253431155e-05,0.00134695225888794,0.0044458577558646,0.00592175849057421
"669",6.68,1.12544278512963e-05,0.00133505787344102,0.00441567540526333,0.00588538042462829
"670",6.69,1.10682303594771e-05,0.00132316348799411,0.00438549305466207,0.00584900235868236
"671",6.7,1.08820328676578e-05,0.00131126910254719,0.00435531070406079,0.00581262429273642
"672",6.71,1.07114573458145e-05,0.00129992239572111,0.00432610674881194,0.00577723273748716
"673",6.72,1.05408818239711e-05,0.00128857568889503,0.00429690279356308,0.00574184118223789
"674",6.73,1.03703063021277e-05,0.00127722898206895,0.00426769883831422,0.00570644962698861
"675",6.74,1.01997307802843e-05,0.00126588227524287,0.00423849488306536,0.00567105807173934
"676",6.75,1.00291552584409e-05,0.00125453556841678,0.00420929092781648,0.00563566651649004
"677",6.76,9.87281118295556e-06,0.00124370797393732,0.00418102734161899,0.00560122917603525
"678",6.77,9.71646710747038e-06,0.00123288037945787,0.00415276375542156,0.00556679183558054
"679",6.78,9.56012303198522e-06,0.00122205278497842,0.00412450016922414,0.00553235449512583
"680",6.79,9.40377895650006e-06,0.00121122519049898,0.00409623658302671,0.00549791715467112
"681",6.8,9.24743488101489e-06,0.00120039759601953,0.00406797299682928,0.00546347981421641
"682",6.81,9.10406232569111e-06,0.00119006216266665,0.00404061342011429,0.00542996562787357
"683",6.82,8.96068977036716e-06,0.00117972672931376,0.00401325384339923,0.00539645144153063
"684",6.83,8.81731721504321e-06,0.00116939129596086,0.00398589426668417,0.00536293725518769
"685",6.84,8.67394465971926e-06,0.00115905586260796,0.0039585346899691,0.00532942306884476
"686",6.85,8.53057210439527e-06,0.00114872042925506,0.00393117511325402,0.0052959088825018
"687",6.86,8.3990288411666e-06,0.00113885172217288,0.00390468477238297,0.00526328797110931
"688",6.87,8.26748557793791e-06,0.00112898301509069,0.0038781944315119,0.0052306670597168
"689",6.88,8.13594231470921e-06,0.00111911430800851,0.00385170409064083,0.0051980461483243
"690",6.89,8.00439905148051e-06,0.00110924560092632,0.00382521374976975,0.00516542523693179
"691",6.9,7.87285578825178e-06,0.00109937689384413,0.00379872340889867,0.00513280432553926
"692",6.91,7.75210572263957e-06,0.00108995090230995,0.00377306903964101,0.00510104794036504
"693",6.92,7.63135565702733e-06,0.00108052491077577,0.00374741467038335,0.00506929155519081
"694",6.93,7.51060559141509e-06,0.00107109891924159,0.00372176030112568,0.00503753517001657
"695",6.94,7.38985552580284e-06,0.00106167292770741,0.00369610593186801,0.00500577878484233
"696",6.95,7.26910546019057e-06,0.00105224693617322,0.00367045156261033,0.00497402239966808
"697",6.96,7.15820825727268e-06,0.00104324098737619,0.00364560133765406,0.00494310287378328
"698",6.97,7.04731105435476e-06,0.00103423503857916,0.00362075111269776,0.00491218334789846
"699",6.98,6.93641385143683e-06,0.00102522908978213,0.00359590088774147,0.00488126382201364
"700",6.99,6.82551664851891e-06,0.0010162231409851,0.00357105066278518,0.00485034429612882
"701",7,6.71461944560097e-06,0.00100721719218806,0.00354620043782887,0.00481942477024398
"702",7.01,6.6127212184894e-06,0.000998609870601741,0.00352212389809523,0.00478931547223235
"703",7.02,6.51082299137792e-06,0.000990002549015432,0.00349804735836162,0.00475920617422078
"704",7.03,6.40892476426645e-06,0.000981395227429125,0.00347397081862802,0.00472909687620921
"705",7.04,6.30702653715497e-06,0.000972787905842817,0.00344989427889442,0.00469898757819765
"706",7.05,6.2051283100435e-06,0.000964180584256509,0.00342581773916082,0.00466887828018608
"707",7.06,6.11145325719674e-06,0.000955951656219661,0.00340248572870773,0.00463955357006553
"708",7.07,6.01777820434988e-06,0.000947722728182796,0.00337915371825459,0.0046102288599449
"709",7.08,5.92410315150302e-06,0.000939493800145932,0.00335582170780144,0.00458090414982427
"710",7.09,5.83042809865616e-06,0.000931264872109068,0.00333248969734829,0.00455157943970363
"711",7.1,5.73675304580927e-06,0.000923035944072199,0.00330915768689513,0.00452225472958298
"712",7.11,5.65059593616882e-06,0.000915166287219908,0.00328654229120546,0.00449368991682131
"713",7.12,5.56443882652835e-06,0.000907296630367613,0.00326392689551577,0.00446512510405962
"714",7.13,5.47828171688789e-06,0.000899426973515319,0.00324131149982609,0.00443656029129793
"715",7.14,5.39212460724741e-06,0.000891557316663023,0.0032186961041364,0.00440799547853624
"716",7.15,5.30596749760692e-06,0.000883687659810726,0.0031960807084467,0.00437943066577454
"717",7.16,5.22668691375294e-06,0.000876159197024599,0.00317415519591286,0.00435160196929228
"718",7.17,5.14740632989895e-06,0.000868630734238469,0.00315222968337901,0.00432377327281
"719",7.18,5.06812574604496e-06,0.00086110227145234,0.00313030417084516,0.00429594457632773
"720",7.19,4.98884516219096e-06,0.000853573808666209,0.00310837865831131,0.00426811587984545
"721",7.2,4.90956457833694e-06,0.000846045345880076,0.00308645314577745,0.00424028718336316
"722",7.21,4.83657683776104e-06,0.000838840983449266,0.00306519191220168,0.00421317169341749
"723",7.22,4.76358909718513e-06,0.000831636621018453,0.0030439306786259,0.00418605620347181
"724",7.23,4.6906013566092e-06,0.00082443225858764,0.00302266944505013,0.00415894071352613
"725",7.24,4.61761361603329e-06,0.000817227896156827,0.00300140821147435,0.00413182522358045
"726",7.25,4.54462587545735e-06,0.000810023533726011,0.00298014697789856,0.00410470973363476
"727",7.26,4.47739955882967e-06,0.000803127103433671,0.00295952549384162,0.00407828537548835
"728",7.27,4.41017324220205e-06,0.000796230673141341,0.00293890400978471,0.00405186101734199
"729",7.28,4.34294692557443e-06,0.000789334242849012,0.00291828252572781,0.00402543665919564
"730",7.29,4.27572060894681e-06,0.000782437812556683,0.00289766104167091,0.00399901230104929
"731",7.3,4.20849429231919e-06,0.000775541382264354,0.002877039557614,0.00397258794290293
"732",7.31,4.14654531539804e-06,0.000768937587134348,0.0028570343184341,0.00394683344218556
"733",7.32,4.08459633847682e-06,0.000762333792004328,0.00283702907925415,0.00392107894146811
"734",7.33,4.0226473615556e-06,0.000755729996874309,0.0028170238400742,0.00389532444075067
"735",7.34,3.96069838463438e-06,0.000749126201744289,0.00279701860089425,0.00386956994003322
"736",7.35,3.89874940771314e-06,0.000742522406614267,0.00277701336171429,0.00384381543931576
"737",7.36,3.84163658043427e-06,0.000736196770071609,0.00275760184014667,0.00381871028899055
"738",7.37,3.78452375315539e-06,0.000729871133528949,0.00273819031857903,0.00379360513866533
"739",7.38,3.7274109258765e-06,0.000723545496986289,0.0027187787970114,0.00376849998834011
"740",7.39,3.67029809859762e-06,0.000717219860443629,0.00269936727544377,0.00374339483801488
"741",7.4,3.61318527131872e-06,0.000710894223900967,0.00267995575387612,0.00371828968768965
"742",7.41,3.56050629371655e-06,0.000704833042117683,0.00266111635501481,0.00369381411654414
"743",7.42,3.50782731611437e-06,0.000698771860334396,0.00264227695615348,0.00366933854539863
"744",7.43,3.45514833851219e-06,0.00069271067855111,0.00262343755729216,0.00364486297425311
"745",7.44,3.40246936091001e-06,0.000686649496767823,0.00260459815843083,0.00362038740310759
"746",7.45,3.34979038330782e-06,0.000680588314984535,0.0025857587595695,0.00359591183196206
"747",7.46,3.30117823334014e-06,0.000674778612197966,0.00256747077811812,0.00357204677454441
"748",7.47,3.25256608337246e-06,0.000668968909411396,0.00254918279666674,0.00354818171712675
"749",7.48,3.20395393340477e-06,0.000663159206624825,0.00253089481521536,0.00352431665970909
"750",7.49,3.15534178343709e-06,0.000657349503838255,0.00251260683376398,0.00350045160229143
"751",7.5,3.10672963346939e-06,0.000651539801051682,0.00249431885231259,0.00347658654487376
"752",7.51,3.06184930663712e-06,0.000645969287657933,0.00247656243198114,0.00345331361280214
"753",7.52,3.01696897980489e-06,0.000640398774264193,0.00245880601164972,0.00343004068073056
"754",7.53,2.97208865297266e-06,0.000634828260870453,0.0024410495913183,0.00340676774865899
"755",7.54,2.92720832614043e-06,0.000629257747476713,0.00242329317098688,0.00338349481658742
"756",7.55,2.8823279993082e-06,0.000623687234082973,0.00240553675065546,0.00336022188451585
"757",7.56,2.84087356424002e-06,0.000618344267321821,0.00238829284558626,0.00333752333909192
"758",7.57,2.79941912917179e-06,0.000613001300560657,0.00237104894051701,0.00331482479366793
"759",7.58,2.75796469410356e-06,0.000607658333799494,0.00235380503544777,0.00329212624824394
"760",7.59,2.71651025903533e-06,0.000602315367038331,0.00233656113037852,0.00326942770281996
"761",7.6,2.67505582396709e-06,0.000596972400277165,0.00231931722530926,0.00324672915739595
"762",7.61,2.6367477619429e-06,0.000591845947337438,0.00230256756342159,0.00322458788345595
"763",7.62,2.59843969991872e-06,0.000586719494397709,0.0022858179015339,0.00320244660951593
"764",7.63,2.56013163789453e-06,0.000581593041457981,0.00226906823964622,0.00318030533557592
"765",7.64,2.52182357587033e-06,0.000576466588518251,0.00225231857775853,0.0031581640616359
"766",7.65,2.48351551384614e-06,0.00057134013557852,0.00223556891587084,0.00313602278769587
"767",7.66,2.4480983136205e-06,0.000566419738965409,0.002219295964022,0.00311442226863941
"768",7.67,2.41268111339486e-06,0.000561499342352297,0.00220302301217314,0.00309282174958293
"769",7.68,2.37726391316922e-06,0.000556578945739184,0.00218675006032429,0.00307122123052646
"770",7.69,2.34184671294357e-06,0.000551658549126071,0.00217047710847544,0.00304962071146998
"771",7.7,2.30642951271792e-06,0.000546738152512956,0.00215420415662658,0.00302802019241349
"772",7.71,2.273669495014e-06,0.000542013897529069,0.00213839108749061,0.00300694448634988
"773",7.72,2.24090947731007e-06,0.00053728964254518,0.00212257801835464,0.00298586878028626
"774",7.73,2.20814945960614e-06,0.000532565387561291,0.00210676494921867,0.00296479307422264
"775",7.74,2.17538944190222e-06,0.000527841132577402,0.0020909518800827,0.00294371736815902
"776",7.75,2.14262942419828e-06,0.000523116877593511,0.00207513881094672,0.00292264166209539
"777",7.76,2.1123127729286e-06,0.00051857936179626,0.00205976947151968,0.00290207537905323
"778",7.77,2.08199612165895e-06,0.000514041845999016,0.00204440013209266,0.00288150909601112
"779",7.78,2.05167947038929e-06,0.000509504330201772,0.00202903079266565,0.002860942812969
"780",7.79,2.02136281911964e-06,0.000504966814404528,0.00201366145323863,0.00284037652992689
"781",7.8,1.99104616784999e-06,0.000500429298607284,0.00199829211381162,0.00281981024688478
"782",7.81,1.96297714750998e-06,0.000496069603114472,0.00198335099545668,0.00279973852703256
"783",7.82,1.93490812716994e-06,0.000491709907621652,0.00196840987710171,0.0027796668071803
"784",7.83,1.9068391068299e-06,0.000487350212128831,0.00195346875874674,0.00275959508732804
"785",7.84,1.87877008648986e-06,0.000482990516636011,0.00193852764039177,0.00273952336747578
"786",7.85,1.85070106614981e-06,0.000478630821143188,0.00192358652203679,0.0027194516476235
"787",7.86,1.8247004069614e-06,0.000474440483667318,0.00190905873198704,0.00269986014045079
"788",7.87,1.79869974777299e-06,0.000470250146191445,0.00189453094193728,0.00268026863327808
"789",7.88,1.77269908858458e-06,0.000466059808715573,0.00188000315188753,0.00266067712610536
"790",7.89,1.74669842939617e-06,0.0004618694712397,0.00186547536183777,0.00264108561893264
"791",7.9,1.72069777020776e-06,0.000457679133763826,0.001850947571788,0.00262149411175991
"792",7.91,1.69660120449362e-06,0.000453650123264245,0.00183681880603091,0.00260236895617395
"793",7.92,1.67250463877949e-06,0.000449621112764662,0.00182269004027381,0.00258324380058797
"794",7.93,1.64840807306534e-06,0.00044559210226508,0.00180856127451672,0.002564118645002
"795",7.94,1.62431150735121e-06,0.000441563091765497,0.00179443250875962,0.00254499348941602
"796",7.95,1.60021494163706e-06,0.000437534081265913,0.00178030374300251,0.00252586833383004
"797",7.96,1.57787187660136e-06,0.000433658774114957,0.00176656026047246,0.00250719613912182
"798",7.97,1.55552881156565e-06,0.000429783466964,0.00175281677794241,0.00248852394441358
"799",7.98,1.53318574652994e-06,0.000425908159813042,0.00173907329541235,0.00246985174970535
"800",7.99,1.51084268149423e-06,0.000422032852662084,0.0017253298128823,0.00245117955499712
"801",8,1.48849961645852e-06,0.000418157545511125,0.00171158633035223,0.00243250736028888
"802",8.01,1.46777193006766e-06,0.000414428703077846,0.00169821492836315,0.00241427518792764
"803",8.02,1.44704424367681e-06,0.000410699860644572,0.0016848435263741,0.00239604301556645
"804",8.03,1.42631655728596e-06,0.000406971018211298,0.00167147212438504,0.00237781084320525
"805",8.04,1.40558887089511e-06,0.000403242175778023,0.00165810072239598,0.00235957867084404
"806",8.05,1.38486118450429e-06,0.000399513333344755,0.00164472932040695,0.00234134649848288
"807",8.06,1.36562213251508e-06,0.000395924080906218,0.0016317173112604,0.00232354184469923
"808",8.07,1.34638308052584e-06,0.000392334828467674,0.00161870530211381,0.00230573719091552
"809",8.08,1.32714402853661e-06,0.000388745576029129,0.00160569329296722,0.00228793253713182
"810",8.09,1.30790497654737e-06,0.000385156323590584,0.00159268128382064,0.00227012788334812
"811",8.1,1.28866592455811e-06,0.000381567071152031,0.00157966927467401,0.00225232322956436
"812",8.11,1.27079914795143e-06,0.000378110878048086,0.00156700446338108,0.00223493400868337
"813",8.12,1.25293237134476e-06,0.000374654684944146,0.00155433965208816,0.00221754478780241
"814",8.13,1.2350655947381e-06,0.000371198491840207,0.00154167484079524,0.00220015556692145
"815",8.14,1.21719881813143e-06,0.000367742298736267,0.00152901002950233,0.00218276634604049
"816",8.15,1.19933204152479e-06,0.000364286105632333,0.00151634521820943,0.00216537712515956
"817",8.16,1.18273066468747e-06,0.000360956766585794,0.00150401588126997,0.00214839165364994
"818",8.17,1.16612928785017e-06,0.00035762742753926,0.00149168654433052,0.00213140618214034
"819",8.18,1.14952791101288e-06,0.000354298088492726,0.00147935720739107,0.00211442071063075
"820",8.19,1.13292653417558e-06,0.000350968749446192,0.00146702787045162,0.00209743523912116
"821",8.2,1.11632515733828e-06,0.000347639410399657,0.00145469853351218,0.00208044976761157
"822",8.21,1.10089096830384e-06,0.000344431027928524,0.00144269339869574,0.00206385674881516
"823",8.22,1.08545677926937e-06,0.000341222645457379,0.00143068826387926,0.00204726373001868
"824",8.23,1.0700225902349e-06,0.000338014262986235,0.00141868312906277,0.00203067071122221
"825",8.24,1.05458840120043e-06,0.00033480588051509,0.00140667799424629,0.00201407769242573
"826",8.25,1.03915421216593e-06,0.000331597498043937,0.00139467285942977,0.00199748467362921
"827",8.26,1.02479691709423e-06,0.000328504465897544,0.00138298108650736,0.00198127318313946
"828",8.27,1.01043962202255e-06,0.000325411433751155,0.00137128931358497,0.00196506169264974
"829",8.28,9.96082326950859e-07,0.000322318401604765,0.00135959754066258,0.00194885020216001
"830",8.29,9.8172503187917e-07,0.000319225369458376,0.00134790576774019,0.00193263871167029
"831",8.3,9.67367736807499e-07,0.000316132337311991,0.00133621399481782,0.00191642722118059
"832",8.31,9.54004281661575e-07,0.00031314932486755,0.00132482515719651,0.00190058669284052
"833",8.32,9.40640826515632e-07,0.000310166312423102,0.00131343631957518,0.00188474616450041
"834",8.33,9.2727737136969e-07,0.000307183299978654,0.00130204748195384,0.00186890563616029
"835",8.34,9.13913916223747e-07,0.000304200287534207,0.00129065864433251,0.00185306510782018
"836",8.35,9.00550461077784e-07,0.000301217275089752,0.00127926980671115,0.00183722457948002
"837",8.36,8.88104414151778e-07,0.000298339212649431,0.00126817387392423,0.00182174479196857
"838",8.37,8.75658367225781e-07,0.000295461150209114,0.00125707794113732,0.00180626500445714
"839",8.38,8.63212320299787e-07,0.000292583087768798,0.00124598200835042,0.00179078521694571
"840",8.39,8.50766273373792e-07,0.000289705025328481,0.00123488607556352,0.00177530542943428
"841",8.4,8.38320226447811e-07,0.000286826962888168,0.00122379014277664,0.00175982564192287
"842",8.41,8.26721216027681e-07,0.000284049027821522,0.00121297746378752,0.00174469670590465
"843",8.42,8.15122205607562e-07,0.000281271092754879,0.00120216478479841,0.00172956776988645
"844",8.43,8.03523195187443e-07,0.000278493157688236,0.00119135210580931,0.00171443883386825
"845",8.44,7.91924184767324e-07,0.000275715222621593,0.0011805394268202,0.00169930989785004
"846",8.45,7.80325174347205e-07,0.00027293728755495,0.0011697267478311,0.00168418096183184
"847",8.46,7.69508376345107e-07,0.000270254891234466,0.00115918803510873,0.00166939330764241
"848",8.47,7.58691578342984e-07,0.000267572494913973,0.00114864932238632,0.00165460565345292
"849",8.48,7.47874780340861e-07,0.000264890098593479,0.00113811060966392,0.00163981799926343
"850",8.49,7.37057982338738e-07,0.000262207702272986,0.00112757189694151,0.00162503034507394
"851",8.5,7.26241184336599e-07,0.000259525305952487,0.00111703318421908,0.00161024269088441
"852",8.51,7.16146855244872e-07,0.000256934081433811,0.00110675949854655,0.00159578705672702
"853",8.52,7.06052526153156e-07,0.000254342856915139,0.00109648581287404,0.00158133142256964
"854",8.53,6.95958197061439e-07,0.000251751632396467,0.00108621212720152,0.00156687578841227
"855",8.54,6.85863867969721e-07,0.000249160407877794,0.00107593844152901,0.00155242015425489
"856",8.55,6.75769538878015e-07,0.000246569183359125,0.00106566475585651,0.00153796452009754
"857",8.56,6.66342589841398e-07,0.000244064973760699,0.00105564749183665,0.00152383194072864
"858",8.57,6.56915640804768e-07,0.000241560764162268,0.00104563022781678,0.00150969936135972
"859",8.58,6.47488691768138e-07,0.000239056554563837,0.0010356129637969,0.00149556678199079
"860",8.59,6.38061742731508e-07,0.000236552344965406,0.00102559569977702,0.00148143420262187
"861",8.6,6.28634793694864e-07,0.00023404813536697,0.00101557843575712,0.00146730162325291
"862",8.61,6.19824401905175e-07,0.000231626982906342,0.00100580930797921,0.00145348341913245
"863",8.62,6.11014010115492e-07,0.000229205830445716,0.000996040180201314,0.00143966521501202
"864",8.63,6.02203618325812e-07,0.000226784677985091,0.000986271052423421,0.00142584701089158
"865",8.64,5.93393226536131e-07,0.000224363525524466,0.000976501924645528,0.00141202880677115
"866",8.65,5.84582834746459e-07,0.000221942373063844,0.00096673279686765,0.00139821060265073
"867",8.66,5.76342088731389e-07,0.000219600508711253,0.000957203826703705,0.00138469836953784
"868",8.67,5.68101342716327e-07,0.000217258644358665,0.000947674856539773,0.00137118613642498
"869",8.68,5.59860596701265e-07,0.000214916780006076,0.000938145886375841,0.00135767390331211
"870",8.69,5.51619850686203e-07,0.000212574915653488,0.000928616916211909,0.00134416167019924
"871",8.7,5.43379104671148e-07,0.000210233051300903,0.00091908794604799,0.00133064943708639
"872",8.71,5.35664680376369e-07,0.000207966885012745,0.000909791449046522,0.00131743503605902
"873",8.72,5.27950256081578e-07,0.000205700718724582,0.000900494952045036,0.00130422063503162
"874",8.73,5.20235831786788e-07,0.00020343455243642,0.000891198455043549,0.00129100623400423
"875",8.74,5.12521407491997e-07,0.000201168386148258,0.000881901958042063,0.00127779183297683
"876",8.75,5.04806983197195e-07,0.000198902219860091,0.000872605461040557,0.0012645774319494
"877",8.76,4.97578848057995e-07,0.000196708331357575,0.000863534034888819,0.00125165297982928
"878",8.77,4.90350712918801e-07,0.000194514442855063,0.000854462608737092,0.00123872852770918
"879",8.78,4.83122577779607e-07,0.00019232055435255,0.000845391182585366,0.00122580407558908
"880",8.79,4.75894442640412e-07,0.000190126665850037,0.000836319756433637,0.00121287962346898
"881",8.8,4.68666307501226e-07,0.000187932777347527,0.000827248330281923,0.00119995517134889
"882",8.81,4.61887449966481e-07,0.000185807907408023,0.000818394843309001,0.00118731303151408
"883",8.82,4.55108592431726e-07,0.000183683037468515,0.000809541356336063,0.00117467089167924
"884",8.83,4.48329734896971e-07,0.000181558167529008,0.000800687869363124,0.0011620287518444
"885",8.84,4.41550877362217e-07,0.0001794332975895,0.000791834382390185,0.00114938661200957
"886",8.85,4.34772019827452e-07,0.000177308427649988,0.000782980895417229,0.0011367444721747
"887",8.86,4.28408202038381e-07,0.000175249469880394,0.000774338475610869,0.00112437724574129
"888",8.87,4.22044384249315e-07,0.000173190512110802,0.000765696055804518,0.0011120100193079
"889",8.88,4.1568056646025e-07,0.00017113155434121,0.000757053635998169,0.0010996427928745
"890",8.89,4.09316748671185e-07,0.000169072596571618,0.000748411216191819,0.00108727556644111
"891",8.9,4.02952930882126e-07,0.000167013638802029,0.000739768796385481,0.00107490834000773
"892",8.91,3.96972462425768e-07,0.000165017631865796,0.000731330820898501,0.00106280885736559
"893",8.92,3.90991993969415e-07,0.000163021624929566,0.000722892845411532,0.00105070937472346
"894",8.93,3.85011525513061e-07,0.000161025617993336,0.000714454869924562,0.00103860989208133
"895",8.94,3.79031057056708e-07,0.000159029611057106,0.000706016894437592,0.0010265104094392
"896",8.95,3.7305058860036e-07,0.000157033604120878,0.000697578918950632,0.00101441092679708
"897",8.96,3.67424119452066e-07,0.000155097724391765,0.000689339004072524,0.00100257223948288
"898",8.97,3.61797650303766e-07,0.000153161844662649,0.000681099089194403,0.000990733552168651
"899",8.98,3.56171181155465e-07,0.000151225964933533,0.000672859174316281,0.000978894864854424
"900",8.99,3.50544712007164e-07,0.000149290085204417,0.000664619259438159,0.000967056177540198
"901",9,3.44918242858855e-07,0.000147354205475298,0.000656379344560023,0.00095521749022595
"902",9.01,3.39618573804868e-07,0.00014547576009283,0.000648331336131584,0.000943632863119079
"903",9.02,3.34318904750886e-07,0.000143597314710364,0.000640283327703154,0.000932048236012221
"904",9.03,3.29019235696903e-07,0.000141718869327898,0.000632235319274723,0.000920463608905363
"905",9.04,3.2371956664292e-07,0.000139840423945432,0.000624187310846291,0.000908878981798503
"906",9.05,3.18419897588942e-07,0.000137961978562969,0.000616139302417871,0.000897294354691659
"907",9.06,3.13421806579038e-07,0.000136138398866136,0.00060827726666778,0.000885957258519149
"908",9.07,3.08423715569128e-07,0.0001343148191693,0.000600415230917677,0.000874620162346623
"909",9.08,3.03425624559218e-07,0.000132491239472465,0.000592553195167574,0.000863283066174096
"910",9.09,2.98427533549308e-07,0.00013066765977563,0.00058469115941747,0.000851945970001568
"911",9.1,2.93429442539391e-07,0.000128844080078791,0.000576829123667354,0.000840608873829022
"912",9.11,2.88709525562813e-07,0.000127072915395805,0.000569147338449957,0.000829512977965121
"913",9.12,2.83989608586238e-07,0.000125301750712821,0.000561465553232567,0.00081841708210123
"914",9.13,2.79269691609664e-07,0.000123530586029836,0.000553783768015178,0.00080732118623734
"915",9.14,2.74549774633089e-07,0.000121759421346852,0.000546101982797788,0.00079622529037345
"916",9.15,2.69829857656519e-07,0.00011998825666387,0.000538420197580407,0.000785129394509573
"917",9.16,2.65366382864753e-07,0.000118267168437439,0.000530913143996211,0.00077426856005812
"918",9.17,2.6090290807299e-07,0.00011654608021101,0.000523406090412022,0.000763407725606677
"919",9.18,2.56439433281227e-07,0.000114824991984582,0.000515899036827834,0.000752546891155234
"920",9.19,2.51975958489464e-07,0.000113103903758153,0.000508391983243645,0.000741686056703791
"921",9.2,2.47512483697704e-07,0.000111382815531725,0.000500884929659462,0.000730825222252358
"922",9.21,2.43285257614326e-07,0.000109709571760327,0.000493547284039658,0.000720193495398939
"923",9.22,2.39058031530944e-07,0.000108036327988927,0.000486209638419844,0.000709561768545506
"924",9.23,2.34830805447561e-07,0.000106363084217527,0.000478871992800031,0.000698930041692072
"925",9.24,2.30603579364178e-07,0.000104689840446127,0.000471534347180217,0.000688298314838639
"926",9.25,2.2637635328079e-07,0.000103016596674724,0.000464196701560392,0.00067766658798519
"927",9.26,2.22366598045034e-07,0.00010138906665171,0.000457023327798409,0.000667258193607747
"928",9.27,2.18356842809281e-07,9.97615366286964e-05,0.000449849954036431,0.000656849799230314
"929",9.28,2.14347087573528e-07,9.81340066056833e-05,0.000442676580274454,0.00064644140485288
"930",9.29,2.10337332337773e-07,9.65064765826699e-05,0.000435503206512475,0.000636033010475444
"931",9.3,2.06327577102023e-07,9.48789465596582e-05,0.000428329832750504,0.00062562461609802
"932",9.31,2.02517817788577e-07,9.32950958931285e-05,0.000421315774964376,0.000615433951625005
"933",9.32,1.98708058475126e-07,9.1711245226597e-05,0.00041430171717824,0.000605243287151977
"934",9.33,1.94898299161675e-07,9.01273945600655e-05,0.000407287659392103,0.000595052622678949
"935",9.34,1.91088539848224e-07,8.8543543893534e-05,0.000400273601605967,0.000584861958205922
"936",9.35,1.87278780534769e-07,8.69596932270004e-05,0.000393259543819821,0.000574671293732881
"937",9.36,1.83652741678901e-07,8.54175791243177e-05,0.000386400019329474,0.000564692923237808
"938",9.37,1.80026702823035e-07,8.38754650216358e-05,0.000379540494839132,0.000554714552742741
"939",9.38,1.7640066396717e-07,8.23333509189542e-05,0.00037268097034879,0.000544736182247675
"940",9.39,1.72774625111305e-07,8.07912368162727e-05,0.000365821445858448,0.00053475781175261
"941",9.4,1.69148586255442e-07,7.92491227135923e-05,0.000358961921368112,0.000524779441257553
"942",9.41,1.65691096791569e-07,7.77468895155509e-05,0.00035225231397328,0.000515008089780518
"943",9.42,1.62233607327698e-07,7.62446563175104e-05,0.000345542706578453,0.00050523673830349
"944",9.43,1.58776117863827e-07,7.474242311947e-05,0.000338833099183625,0.000495465386826462
"945",9.44,1.55318628399956e-07,7.32401899214296e-05,0.000332123491788798,0.000485694035349434
"946",9.45,1.51861138936087e-07,7.173795672339e-05,0.000325413884393974,0.000475922683872412
"947",9.46,1.48558044828706e-07,7.0273831673809e-05,0.000318849737938399,0.000466353231958429
"948",9.47,1.45254950721322e-07,6.88097066242265e-05,0.000312285591482816,0.000456783780044436
"949",9.48,1.41951856613939e-07,6.73455815746441e-05,0.000305721445027234,0.000447214328130443
"950",9.49,1.38648762506555e-07,6.58814565250617e-05,0.000299157298571652,0.00043764487621645
"951",9.5,1.35345668399169e-07,6.44173314754777e-05,0.000292593152116063,0.000428075424302447
"952",9.51,1.32183752309901e-07,6.29896207129463e-05,0.000286170164324854,0.00041870290274766
"953",9.52,1.29021836220635e-07,6.15619099504157e-05,0.000279747176533648,0.000409330381192879
"954",9.53,1.2585992013137e-07,6.0134199187885e-05,0.000273324188742443,0.000399957859638098
"955",9.54,1.22698004042103e-07,5.87064884253542e-05,0.000266901200951236,0.000390585338083315
"956",9.55,1.19536087952839e-07,5.72787776628245e-05,0.000260478213160035,0.00038121281652854
"957",9.56,1.16502995345768e-07,5.58858624221123e-05,0.000254192229737645,0.000372032401325682
"958",9.57,1.13469902738697e-07,5.44929471814008e-05,0.000247906246315259,0.000362851986122829
"959",9.58,1.10436810131627e-07,5.31000319406894e-05,0.000241620262892873,0.000353671570919976
"960",9.59,1.07403717524557e-07,5.17071166999779e-05,0.000235334279470487,0.000344491155717122
"961",9.6,1.04370624917486e-07,5.03142014592664e-05,0.000229048296048101,0.000335310740514269
"962",9.61,1.01454796057956e-07,4.89545344706043e-05,0.000222895305024743,0.000326317747988736
"963",9.62,9.85389671984217e-08,4.75948674819402e-05,0.000216742314001377,0.000317324755463191
"964",9.63,9.56231383388879e-08,4.62352004932764e-05,0.000210589322978011,0.000308331762937647
"965",9.64,9.27073094793541e-08,4.48755335046125e-05,0.000204436331954646,0.000299338770412102
"966",9.65,8.9791480619818e-08,4.35158665159476e-05,0.000198283340931275,0.000290345777886551
"967",9.66,8.69820879701517e-08,4.21879685911474e-05,0.000192259467246477,0.000281535660015284
"968",9.67,8.41726953204864e-08,4.08600706663478e-05,0.000186235593561681,0.000272725542144021
"969",9.68,8.13633026708212e-08,3.95321727415482e-05,0.000180211719876886,0.000263915424272757
"970",9.69,7.85539100211559e-08,3.82042748167485e-05,0.00017418784619209,0.000255105306401493
"971",9.7,7.57445173714914e-08,3.68763768919492e-05,0.000168163972507296,0.000246295188530232
"972",9.71,7.30314079307898e-08,3.55788336869895e-05,0.000162265472819868,0.000237663528435936
"973",9.72,7.03182984900868e-08,3.42812904820291e-05,0.000156366973132436,0.000229031868341636
"974",9.73,6.76051890493839e-08,3.29837472770688e-05,0.000150468473445005,0.000220400208247336
"975",9.74,6.48920796086809e-08,3.16862040721084e-05,0.000144569973757574,0.000211768548153035
"976",9.75,6.21789701679763e-08,3.03886608671473e-05,0.000138671474070139,0.00020313688805873
"977",9.76,5.95526123427478e-08,2.91201198113962e-05,0.000132894731784031,0.000194679395671858
"978",9.77,5.692625451752e-08,2.78515787556454e-05,0.000127117989497924,0.000186221903284989
"979",9.78,5.42998966922922e-08,2.65830376998946e-05,0.000121341247211818,0.000177764410898119
"980",9.79,5.16735388670639e-08,2.53144966441436e-05,0.00011556450492571,0.000169306918511249
"981",9.8,4.90471810418369e-08,2.40459555883933e-05,0.000109787762639605,0.000160849426124382
"982",9.81,4.64986156704778e-08,2.28051229713176e-05,0.000104129283136088,0.000152561934006287
"983",9.82,4.39500502991191e-08,2.15642903542422e-05,9.8470803632573e-05,0.000144274441888194
"984",9.83,4.14014849277604e-08,2.03234577371668e-05,9.28123241290576e-05,0.000135986949770101
"985",9.84,3.88529195564018e-08,1.90826251200914e-05,8.71538446255422e-05,0.000127699457652008
"986",9.85,3.63043541850431e-08,1.7841792503016e-05,8.14953651220268e-05,0.000119411965533914
"987",9.86,3.38251493718135e-08,1.66274307096824e-05,7.59517711887421e-05,0.000111290424854328
"988",9.87,3.13459445585822e-08,1.5413068916348e-05,7.04081772554538e-05,0.000103168884174736
"989",9.88,2.88667397453513e-08,1.41987071230138e-05,6.48645833221665e-05,9.50473434951452e-05
"990",9.89,2.63875349321204e-08,1.29843453296796e-05,5.93209893888792e-05,8.69258028155547e-05
"991",9.9,2.39083301188888e-08,1.1769983536345e-05,5.37773954555901e-05,7.88042621359616e-05
"992",9.91,2.14905395629469e-08,1.05809084235742e-05,4.83454229036608e-05,7.08447387985826e-05
"993",9.92,1.90727490070051e-08,9.39183331080343e-06,4.29134503517319e-05,6.28852154612041e-05
"994",9.93,1.66549584510634e-08,8.20275819803267e-06,3.7481477799803e-05,5.49256921238256e-05
"995",9.94,1.42371678951216e-08,7.01368308526191e-06,3.20495052478741e-05,4.69661687864471e-05
"996",9.95,1.18193773391798e-08,5.8246079724911e-06,2.6617532695945e-05,3.90066454490684e-05
"997",9.96,9.45550187134387e-09,4.65968637799291e-06,2.12940261567561e-05,3.12053163592548e-05
"998",9.97,7.09162640350796e-09,3.49476478349471e-06,1.59705196175672e-05,2.34039872694413e-05
"999",9.98,4.72775093567206e-09,2.32984318899652e-06,1.06470130783784e-05,1.56026581796278e-05
"1000",9.99,2.36387546783616e-09,1.16492159449832e-06,5.32350653918946e-06,7.80132908981434e-06
"1001",10,0,0,0,0
